Opps,Form,ItemId,Subject,Grade,Reporting_Category,Knowledge_and_Skill,Subject_Grade,difficulty,P.Value
Opportunity 3,Easy,A39185,Math,3,4.Measurement,4.Measurement.1,Math_G3,-0.5123697454875433,0.97
Opportunity 2,Easy,A73699,Math,3,2.Algebra,2.Algebra.6,Math_G3,-1.2013411716412294,0.64
Opportunity 2,Easy,A45039,Math,3,1.Probability,1.Probability.2,Math_G3,-1.0339832698154423,0.59
Opportunity 1,Easy,A19880,Language Arts,4,3.Grammar,3.Grammar.2,Language Arts_G4,-1.5214624252650668,0.7
Opportunity 2,Easy,A41230,Natural Science,5,3.Earth Science,3.Earth Science.1,Natural Science_G5,-1.2264747239077103,0.99
Opportunity 3,Easy,A60960,Natural Science,5,1.Biology,1.Biology.4,Natural Science_G5,-1.1860324716046278,0.89
Opportunity 2,Easy,A96720,Language Arts,4,1.Vocabulary,1.Vocabulary.1,Language Arts_G4,-0.8888124019370716,0.85
Opportunity 2,Easy,A21976,Natural Science,5,3.Earth Science,3.Earth Science.6,Natural Science_G5,0.03398630166048866,0.93
Opportunity 3,Easy,A26830,Natural Science,5,1.Biology,1.Biology.2,Natural Science_G5,-0.22921061231797846,0.56
Opportunity 1,Easy,A82443,Language Arts,4,4.Writing,4.Writing.6,Language Arts_G4,0.8403369594663301,0.86
Opportunity 1,Easy,A26742,Natural Science,5,2.Physics,2.Physics.4,Natural Science_G5,-1.0462780845636142,0.78
Opportunity 3,Easy,A12900,Language Arts,4,2.Reading,2.Reading.2,Language Arts_G4,-0.3111444892971527,0.97
Opportunity 1,Easy,A52832,Math,3,3.Geometry,3.Geometry.2,Math_G3,-0.7910029251983549,0.59
Opportunity 1,Easy,A34311,Language Arts,4,2.Reading,2.Reading.4,Language Arts_G4,-2.326817983147543,0.52
Opportunity 1,Easy,A13551,Language Arts,4,4.Writing,4.Writing.2,Language Arts_G4,-1.3152368900506892,0.87
Opportunity 2,Easy,A65763,Language Arts,4,1.Vocabulary,1.Vocabulary.5,Language Arts_G4,-1.5160372356117346,0.59
Opportunity 1,Easy,A22263,Math,3,2.Algebra,2.Algebra.5,Math_G3,-2.073038258168942,0.7
Opportunity 3,Easy,A98919,Math,3,4.Measurement,4.Measurement.1,Math_G3,-1.5080058204604785,0.89
Opportunity 1,Easy,A75662,Natural Science,5,3.Earth Science,3.Earth Science.3,Natural Science_G5,-1.27339427663297,0.87
Opportunity 1,Easy,A70409,Math,3,4.Measurement,4.Measurement.5,Math_G3,-1.0612981697598984,0.94
Opportunity 1,Easy,A39831,Natural Science,5,4.Chemistry,4.Chemistry.5,Natural Science_G5,-0.16514942275794353,0.69
Opportunity 3,Easy,A62475,Natural Science,5,3.Earth Science,3.Earth Science.3,Natural Science_G5,-2.0858343342752623,0.59
Opportunity 1,Easy,A56931,Natural Science,5,4.Chemistry,4.Chemistry.4,Natural Science_G5,-2.3338913915860173,0.85
Opportunity 2,Easy,A21204,Language Arts,4,4.Writing,4.Writing.5,Language Arts_G4,0.6102029983598427,0.85
Opportunity 3,Easy,A63716,Language Arts,4,4.Writing,4.Writing.2,Language Arts_G4,0.05287842757786354,0.79
Opportunity 2,Easy,A37417,Language Arts,4,4.Writing,4.Writing.5,Language Arts_G4,-1.7241171285062435,0.62
Opportunity 1,Easy,A37080,Natural Science,5,3.Earth Science,3.Earth Science.4,Natural Science_G5,-1.0817051217404217,0.63
Opportunity 2,Easy,A24033,Natural Science,5,4.Chemistry,4.Chemistry.4,Natural Science_G5,0.34317081638724223,0.79
Opportunity 1,Easy,A44089,Natural Science,5,3.Earth Science,3.Earth Science.6,Natural Science_G5,-1.411580375696265,0.73
Opportunity 1,Easy,A34901,Language Arts,4,4.Writing,4.Writing.2,Language Arts_G4,-2.307888672659116,0.77
Opportunity 1,Easy,A79653,Math,3,4.Measurement,4.Measurement.6,Math_G3,-1.2895465792709175,0.98
Opportunity 3,Easy,A69906,Math,3,4.Measurement,4.Measurement.2,Math_G3,-1.3798853869726826,0.93
Opportunity 3,Easy,A80001,Language Arts,4,3.Grammar,3.Grammar.5,Language Arts_G4,0.2511477926311805,0.73
Opportunity 1,Easy,A89225,Math,3,2.Algebra,2.Algebra.6,Math_G3,-0.025729427857624554,0.92
Opportunity 3,Easy,A28401,Natural Science,5,4.Chemistry,4.Chemistry.4,Natural Science_G5,0.8746957890697558,0.84
Opportunity 3,Easy,A89539,Natural Science,5,2.Physics,2.Physics.3,Natural Science_G5,-0.5912770335211068,0.77
Opportunity 1,Easy,A70139,Math,3,4.Measurement,4.Measurement.3,Math_G3,-0.312618585996246,0.93
Opportunity 1,Easy,A79801,Math,3,2.Algebra,2.Algebra.5,Math_G3,-1.6593359488980433,0.5
Opportunity 1,Easy,A19602,Natural Science,5,2.Physics,2.Physics.4,Natural Science_G5,-3.0265391550247642,0.98
Opportunity 3,Easy,A50863,Natural Science,5,2.Physics,2.Physics.4,Natural Science_G5,-1.1097354968631308,0.83
Opportunity 1,Easy,A63660,Math,3,1.Probability,1.Probability.1,Math_G3,-1.38681837382825,0.82
Opportunity 2,Easy,A93667,Natural Science,5,1.Biology,1.Biology.5,Natural Science_G5,-0.9347522628408627,0.51
Opportunity 3,Easy,A27520,Math,3,1.Probability,1.Probability.1,Math_G3,0.3927544008696848,0.64
Opportunity 3,Easy,A28099,Natural Science,5,2.Physics,2.Physics.6,Natural Science_G5,-1.4629196508498243,0.66
Opportunity 2,Easy,A56678,Math,3,4.Measurement,4.Measurement.1,Math_G3,-0.4769247528229473,0.71
Opportunity 1,Easy,A57984,Math,3,1.Probability,1.Probability.4,Math_G3,-0.002894107668505952,0.89
Opportunity 2,Easy,A31943,Natural Science,5,1.Biology,1.Biology.4,Natural Science_G5,-1.0706913371344813,0.5
Opportunity 2,Easy,A22619,Language Arts,4,4.Writing,4.Writing.1,Language Arts_G4,-0.6787772742330713,0.63
Opportunity 1,Easy,A42702,Math,3,3.Geometry,3.Geometry.4,Math_G3,0.377167592861144,0.83
Opportunity 2,Easy,A20460,Math,3,4.Measurement,4.Measurement.3,Math_G3,0.10347542292702872,0.83
Opportunity 3,Easy,A62205,Natural Science,5,3.Earth Science,3.Earth Science.3,Natural Science_G5,-2.6983444113040047,1.0
Opportunity 1,Easy,A70759,Math,3,2.Algebra,2.Algebra.3,Math_G3,-1.1998846206065628,0.92
Opportunity 3,Easy,A15944,Math,3,1.Probability,1.Probability.4,Math_G3,-2.2673983922760135,0.91
Opportunity 1,Easy,A34824,Language Arts,4,2.Reading,2.Reading.3,Language Arts_G4,-0.9649372707374003,0.55
Opportunity 1,Easy,A25859,Natural Science,5,2.Physics,2.Physics.2,Natural Science_G5,1.3543472132162269,0.82
Opportunity 2,Easy,A70260,Math,3,3.Geometry,3.Geometry.5,Math_G3,0.1287145912739367,0.67
Opportunity 2,Easy,A75326,Language Arts,4,4.Writing,4.Writing.3,Language Arts_G4,-1.0482660613912491,0.96
Opportunity 1,Easy,A46090,Language Arts,4,1.Vocabulary,1.Vocabulary.3,Language Arts_G4,-2.9424682663551955,0.83
Opportunity 3,Easy,A68715,Math,3,3.Geometry,3.Geometry.6,Math_G3,0.03677192796965001,0.76
Opportunity 2,Easy,A63207,Language Arts,4,2.Reading,2.Reading.4,Language Arts_G4,-0.4965917179057701,0.74
Opportunity 3,Easy,A60514,Natural Science,5,3.Earth Science,3.Earth Science.2,Natural Science_G5,-1.189268103518022,0.81
Opportunity 3,Easy,A58905,Language Arts,4,4.Writing,4.Writing.5,Language Arts_G4,-2.006859283123849,0.72
Opportunity 2,Easy,A61882,Math,3,4.Measurement,4.Measurement.5,Math_G3,-0.18566785519560658,0.77
Opportunity 1,Easy,A31744,Language Arts,4,3.Grammar,3.Grammar.6,Language Arts_G4,-1.0245945557885212,0.84
Opportunity 3,Easy,A57270,Natural Science,5,1.Biology,1.Biology.2,Natural Science_G5,0.6600567563284645,0.8
Opportunity 2,Easy,A85964,Language Arts,4,4.Writing,4.Writing.2,Language Arts_G4,-0.24651334022413474,0.6
Opportunity 3,Easy,A95232,Language Arts,4,2.Reading,2.Reading.6,Language Arts_G4,-1.973887085172229,0.52
Opportunity 3,Easy,A93479,Language Arts,4,3.Grammar,3.Grammar.1,Language Arts_G4,-1.3189127866705541,0.5
Opportunity 1,Easy,A76375,Language Arts,4,2.Reading,2.Reading.2,Language Arts_G4,-1.5394358844251357,0.67
Opportunity 2,Easy,A81044,Language Arts,4,2.Reading,2.Reading.4,Language Arts_G4,0.8508134845180202,0.72
Opportunity 2,Easy,A26077,Natural Science,5,2.Physics,2.Physics.3,Natural Science_G5,-0.6811473851697339,0.96
Opportunity 2,Easy,A44005,Math,3,1.Probability,1.Probability.6,Math_G3,-0.8562042445582585,0.69
Opportunity 3,Easy,A10019,Natural Science,5,1.Biology,1.Biology.3,Natural Science_G5,-0.5719236668848291,0.83
Opportunity 2,Easy,A20995,Math,3,3.Geometry,3.Geometry.5,Math_G3,-0.47472699829105286,0.54
Opportunity 3,Easy,A14169,Language Arts,4,3.Grammar,3.Grammar.6,Language Arts_G4,-1.1379248172886132,0.59
Opportunity 3,Easy,A87097,Math,3,3.Geometry,3.Geometry.6,Math_G3,-0.9909078893164631,0.63
Opportunity 3,Easy,A63949,Math,3,2.Algebra,2.Algebra.2,Math_G3,-0.9379439710184218,0.8
Opportunity 1,Easy,A10459,Language Arts,4,4.Writing,4.Writing.6,Language Arts_G4,-0.06597745510837283,0.52
Opportunity 3,Easy,A63745,Natural Science,5,2.Physics,2.Physics.3,Natural Science_G5,0.9254466750095316,0.65
Opportunity 2,Easy,A60647,Language Arts,4,1.Vocabulary,1.Vocabulary.1,Language Arts_G4,-0.80393001229026,0.74
Opportunity 2,Easy,A63451,Math,3,4.Measurement,4.Measurement.3,Math_G3,-0.19231745236729159,0.76
Opportunity 3,Easy,A12141,Math,3,4.Measurement,4.Measurement.6,Math_G3,-0.7602146869039225,0.85
Opportunity 2,Easy,A38416,Language Arts,4,3.Grammar,3.Grammar.3,Language Arts_G4,-0.9993643919623295,0.69
Opportunity 1,Easy,A15217,Language Arts,4,4.Writing,4.Writing.5,Language Arts_G4,-1.5496783583410392,0.71
Opportunity 3,Easy,A69986,Math,3,3.Geometry,3.Geometry.6,Math_G3,-0.06857194611572315,0.57
Opportunity 3,Easy,A61840,Natural Science,5,3.Earth Science,3.Earth Science.6,Natural Science_G5,-0.23507596457670787,0.53
Opportunity 1,Easy,A36490,Language Arts,4,2.Reading,2.Reading.6,Language Arts_G4,-0.33896058439484483,0.95
Opportunity 3,Easy,A19470,Natural Science,5,1.Biology,1.Biology.4,Natural Science_G5,-0.995914822690056,0.64
Opportunity 1,Easy,A81146,Math,3,2.Algebra,2.Algebra.4,Math_G3,0.2543501768115757,0.79
Opportunity 1,Easy,A61261,Language Arts,4,4.Writing,4.Writing.5,Language Arts_G4,-1.6303882169309,0.85
Opportunity 3,Easy,A87506,Language Arts,4,3.Grammar,3.Grammar.4,Language Arts_G4,-2.184269715810448,0.78
Opportunity 3,Easy,A99422,Math,3,1.Probability,1.Probability.4,Math_G3,-1.437703434293205,0.92
Opportunity 2,Easy,A40073,Language Arts,4,1.Vocabulary,1.Vocabulary.6,Language Arts_G4,-0.6924747267554077,0.74
Opportunity 3,Easy,A61736,Language Arts,4,2.Reading,2.Reading.6,Language Arts_G4,-2.688941560694941,0.91
Opportunity 1,Easy,A31118,Natural Science,5,4.Chemistry,4.Chemistry.3,Natural Science_G5,-0.6202860016212934,0.65
Opportunity 3,Easy,A89725,Language Arts,4,2.Reading,2.Reading.1,Language Arts_G4,-3.9897618468446074,0.87
Opportunity 3,Easy,A26215,Natural Science,5,1.Biology,1.Biology.3,Natural Science_G5,0.039449331476441585,0.95
Opportunity 2,Easy,A22790,Language Arts,4,3.Grammar,3.Grammar.6,Language Arts_G4,-0.8381641899741109,0.64
Opportunity 2,Easy,A53789,Language Arts,4,3.Grammar,3.Grammar.6,Language Arts_G4,-0.5090386660042916,0.57
Opportunity 3,Easy,A47102,Language Arts,4,3.Grammar,3.Grammar.3,Language Arts_G4,0.08446391407316467,0.94
Opportunity 3,Easy,A83469,Math,3,3.Geometry,3.Geometry.6,Math_G3,-2.4182870434970116,0.52
Opportunity 3,Easy,A26981,Language Arts,4,4.Writing,4.Writing.6,Language Arts_G4,-0.8747691545824785,0.91
Opportunity 3,Easy,A48576,Natural Science,5,1.Biology,1.Biology.4,Natural Science_G5,1.267604502604646,0.55
Opportunity 2,Easy,A45657,Language Arts,4,3.Grammar,3.Grammar.2,Language Arts_G4,-0.6106420224011503,0.74
Opportunity 1,Easy,A52762,Natural Science,5,1.Biology,1.Biology.3,Natural Science_G5,-1.5580829726670187,0.94
Opportunity 1,Easy,A76177,Language Arts,4,2.Reading,2.Reading.4,Language Arts_G4,-0.9682956270132446,0.55
Opportunity 2,Easy,A47323,Math,3,3.Geometry,3.Geometry.3,Math_G3,-1.732578904405091,0.95
Opportunity 3,Easy,A50915,Language Arts,4,4.Writing,4.Writing.1,Language Arts_G4,-0.8677718643510449,0.96
Opportunity 1,Easy,A55398,Language Arts,4,2.Reading,2.Reading.1,Language Arts_G4,-0.05266699592792512,0.57
Opportunity 3,Easy,A20452,Natural Science,5,3.Earth Science,3.Earth Science.2,Natural Science_G5,0.5879994478180992,0.52
Opportunity 2,Easy,A42451,Natural Science,5,4.Chemistry,4.Chemistry.4,Natural Science_G5,-0.5687087111109448,0.94
Opportunity 1,Easy,A51743,Math,3,1.Probability,1.Probability.4,Math_G3,-0.935115918813577,0.9
Opportunity 1,Easy,A34447,Natural Science,5,1.Biology,1.Biology.5,Natural Science_G5,-1.8338365366084686,0.67
Opportunity 3,Easy,A69830,Natural Science,5,3.Earth Science,3.Earth Science.6,Natural Science_G5,-0.8586570451407464,0.68
Opportunity 2,Easy,A36930,Language Arts,4,1.Vocabulary,1.Vocabulary.6,Language Arts_G4,-0.508202223976896,0.86
Opportunity 3,Easy,A52568,Math,3,1.Probability,1.Probability.5,Math_G3,-0.6116358659218643,0.58
Opportunity 2,Easy,A82747,Math,3,3.Geometry,3.Geometry.4,Math_G3,0.28012115991375186,0.5
Opportunity 3,Easy,A86559,Math,3,2.Algebra,2.Algebra.3,Math_G3,-0.5867925376928275,0.7
Opportunity 2,Easy,A59567,Math,3,3.Geometry,3.Geometry.6,Math_G3,-0.6614984826692253,0.75
Opportunity 1,Easy,A50679,Natural Science,5,3.Earth Science,3.Earth Science.1,Natural Science_G5,0.8411905376732243,0.65
Opportunity 1,Easy,A59018,Natural Science,5,1.Biology,1.Biology.4,Natural Science_G5,-1.9497483857158973,0.73
Opportunity 3,Easy,A10747,Language Arts,4,1.Vocabulary,1.Vocabulary.2,Language Arts_G4,-2.0775798619378456,0.58
Opportunity 1,Easy,A21664,Math,3,3.Geometry,3.Geometry.4,Math_G3,-2.0962625097988967,0.83
Opportunity 3,Easy,A85922,Language Arts,4,4.Writing,4.Writing.1,Language Arts_G4,-0.013964963290923671,0.93
Opportunity 1,Easy,A37125,Math,3,2.Algebra,2.Algebra.2,Math_G3,-0.685578504473445,0.9
Opportunity 2,Easy,A81190,Math,3,4.Measurement,4.Measurement.3,Math_G3,-1.1455315836869016,0.61
Opportunity 1,Easy,A75676,Math,3,4.Measurement,4.Measurement.4,Math_G3,-0.5957086028643768,0.76
Opportunity 1,Easy,A86598,Language Arts,4,1.Vocabulary,1.Vocabulary.4,Language Arts_G4,-0.2340968332906872,0.61
Opportunity 1,Easy,A20511,Natural Science,5,4.Chemistry,4.Chemistry.6,Natural Science_G5,-0.753215691245104,0.76
Opportunity 2,Easy,A45358,Language Arts,4,4.Writing,4.Writing.2,Language Arts_G4,-0.5381950139385052,0.98
Opportunity 2,Easy,A53062,Natural Science,5,3.Earth Science,3.Earth Science.3,Natural Science_G5,-0.3559247573983644,0.98
Opportunity 1,Easy,A19906,Language Arts,4,1.Vocabulary,1.Vocabulary.1,Language Arts_G4,-2.333577241153614,0.69
Opportunity 3,Easy,A88931,Math,3,1.Probability,1.Probability.2,Math_G3,-1.3880240816564131,0.6
Opportunity 1,Easy,A49149,Language Arts,4,4.Writing,4.Writing.1,Language Arts_G4,0.4323538697897962,0.97
Opportunity 3,Easy,A11329,Language Arts,4,2.Reading,2.Reading.2,Language Arts_G4,2.3025876359582558,0.87
Opportunity 1,Easy,A63400,Natural Science,5,4.Chemistry,4.Chemistry.1,Natural Science_G5,-2.0443862179188113,0.53
Opportunity 3,Easy,A62542,Natural Science,5,3.Earth Science,3.Earth Science.6,Natural Science_G5,-0.15968883480833573,0.68
Opportunity 1,Easy,A53909,Language Arts,4,1.Vocabulary,1.Vocabulary.4,Language Arts_G4,-1.2146486781561683,0.91
Opportunity 2,Easy,A58888,Math,3,2.Algebra,2.Algebra.3,Math_G3,-0.11371391010224674,0.51
Opportunity 3,Easy,A89596,Math,3,3.Geometry,3.Geometry.4,Math_G3,-2.113837378724078,0.64
Opportunity 2,Easy,A65988,Natural Science,5,3.Earth Science,3.Earth Science.5,Natural Science_G5,0.812156455767745,0.89
Opportunity 2,Easy,A31882,Math,3,2.Algebra,2.Algebra.5,Math_G3,1.1393539437493467,0.76
Opportunity 2,Easy,A30989,Natural Science,5,2.Physics,2.Physics.1,Natural Science_G5,-1.6362164015837537,0.85
Opportunity 1,Easy,A34195,Math,3,1.Probability,1.Probability.4,Math_G3,-1.7696066529117536,0.81
Opportunity 3,Easy,A58076,Natural Science,5,1.Biology,1.Biology.6,Natural Science_G5,-0.1464601876457995,0.98
Opportunity 3,Easy,A17833,Language Arts,4,1.Vocabulary,1.Vocabulary.5,Language Arts_G4,-0.035638056163979415,0.9
Opportunity 3,Easy,A39524,Natural Science,5,3.Earth Science,3.Earth Science.1,Natural Science_G5,0.47787389802830393,0.68
Opportunity 1,Easy,A12102,Math,3,3.Geometry,3.Geometry.3,Math_G3,-0.5248586734014458,0.82
Opportunity 1,Easy,A25658,Math,3,2.Algebra,2.Algebra.3,Math_G3,-0.5576559691458562,0.69
Opportunity 3,Easy,A22561,Language Arts,4,4.Writing,4.Writing.1,Language Arts_G4,1.5906528114522096,0.69
Opportunity 3,Easy,A96478,Math,3,4.Measurement,4.Measurement.4,Math_G3,-1.3970900062581049,0.68
Opportunity 2,Easy,A98586,Language Arts,4,3.Grammar,3.Grammar.1,Language Arts_G4,-1.3654022102127272,0.86
Opportunity 1,Easy,A32409,Math,3,3.Geometry,3.Geometry.3,Math_G3,-0.6735358431222458,0.81
Opportunity 2,Easy,A71158,Math,3,4.Measurement,4.Measurement.6,Math_G3,-0.21076968353991066,0.85
Opportunity 3,Easy,A70330,Math,3,2.Algebra,2.Algebra.4,Math_G3,-1.0718117600660635,0.55
Opportunity 3,Easy,A82524,Language Arts,4,4.Writing,4.Writing.2,Language Arts_G4,-1.8168822119581312,0.84
Opportunity 1,Easy,A72307,Natural Science,5,2.Physics,2.Physics.5,Natural Science_G5,0.7732345767544218,0.72
Opportunity 1,Easy,A14348,Math,3,2.Algebra,2.Algebra.6,Math_G3,0.19225119629162557,0.99
Opportunity 2,Easy,A28313,Natural Science,5,2.Physics,2.Physics.2,Natural Science_G5,-0.9721845156162252,0.94
Opportunity 3,Easy,A73166,Natural Science,5,3.Earth Science,3.Earth Science.4,Natural Science_G5,-0.030087213789691702,0.81
Opportunity 3,Easy,A92975,Language Arts,4,4.Writing,4.Writing.2,Language Arts_G4,-1.9140660094332709,0.84
Opportunity 1,Easy,A26717,Natural Science,5,1.Biology,1.Biology.1,Natural Science_G5,-1.1895031272873546,0.65
Opportunity 3,Easy,A88406,Language Arts,4,3.Grammar,3.Grammar.4,Language Arts_G4,-0.09973506449578973,0.74
Opportunity 3,Easy,A27688,Language Arts,4,2.Reading,2.Reading.3,Language Arts_G4,-0.5736345419047015,0.96
Opportunity 3,Easy,A76663,Language Arts,4,4.Writing,4.Writing.3,Language Arts_G4,0.12442376204971095,0.92
Opportunity 1,Easy,A72222,Language Arts,4,4.Writing,4.Writing.3,Language Arts_G4,-0.6850871012154728,0.53
Opportunity 1,Easy,A27749,Language Arts,4,4.Writing,4.Writing.1,Language Arts_G4,-3.657695936638329,0.97
Opportunity 1,Easy,A66731,Language Arts,4,1.Vocabulary,1.Vocabulary.4,Language Arts_G4,-0.5869388408802512,0.91
Opportunity 1,Easy,A55078,Language Arts,4,3.Grammar,3.Grammar.4,Language Arts_G4,-1.291775874324169,0.96
Opportunity 2,Easy,A50811,Language Arts,4,3.Grammar,3.Grammar.3,Language Arts_G4,-0.3561355253545994,0.84
Opportunity 3,Easy,A19866,Language Arts,4,1.Vocabulary,1.Vocabulary.4,Language Arts_G4,-1.0973608440057179,0.73
Opportunity 2,Easy,A89821,Language Arts,4,1.Vocabulary,1.Vocabulary.3,Language Arts_G4,-2.730456935881432,0.66
Opportunity 1,Easy,A69723,Language Arts,4,4.Writing,4.Writing.4,Language Arts_G4,0.40155986564254453,0.5
Opportunity 2,Easy,A45756,Language Arts,4,3.Grammar,3.Grammar.3,Language Arts_G4,0.5537831335162833,0.52
Opportunity 1,Easy,A88664,Math,3,4.Measurement,4.Measurement.6,Math_G3,-0.07805745985335799,0.52
Opportunity 3,Easy,A81789,Natural Science,5,3.Earth Science,3.Earth Science.2,Natural Science_G5,-0.3583795023987301,0.94
Opportunity 2,Easy,A52183,Language Arts,4,3.Grammar,3.Grammar.6,Language Arts_G4,-1.0505445283107167,0.95
Opportunity 3,Easy,A25921,Math,3,4.Measurement,4.Measurement.6,Math_G3,-1.85658994162504,0.61
Opportunity 3,Easy,A25110,Natural Science,5,1.Biology,1.Biology.2,Natural Science_G5,-0.052069053641255136,0.54
Opportunity 2,Easy,A67792,Natural Science,5,4.Chemistry,4.Chemistry.5,Natural Science_G5,-0.9445665087936105,0.94
Opportunity 1,Easy,A96987,Natural Science,5,1.Biology,1.Biology.3,Natural Science_G5,-0.2722763968622084,0.95
Opportunity 3,Easy,A29398,Natural Science,5,4.Chemistry,4.Chemistry.3,Natural Science_G5,-0.36845384816240917,0.68
Opportunity 3,Easy,A84483,Natural Science,5,3.Earth Science,3.Earth Science.4,Natural Science_G5,-2.2510876082639806,0.67
Opportunity 1,Easy,A51122,Language Arts,4,3.Grammar,3.Grammar.6,Language Arts_G4,-0.6160942720283086,0.57
Opportunity 3,Easy,A78919,Language Arts,4,1.Vocabulary,1.Vocabulary.6,Language Arts_G4,-0.7195698253475507,0.89
Opportunity 3,Easy,A60259,Math,3,2.Algebra,2.Algebra.1,Math_G3,-1.6574931361255332,0.68
Opportunity 3,Easy,A67890,Math,3,2.Algebra,2.Algebra.3,Math_G3,0.1267106743048365,0.95
Opportunity 1,Easy,A27590,Natural Science,5,3.Earth Science,3.Earth Science.1,Natural Science_G5,-0.0386843591060928,0.72
Opportunity 3,Easy,A42824,Math,3,2.Algebra,2.Algebra.5,Math_G3,0.07857730127933216,0.76
Opportunity 1,Easy,A89120,Language Arts,4,1.Vocabulary,1.Vocabulary.3,Language Arts_G4,-1.2250183381622568,0.67
Opportunity 3,Easy,A65943,Math,3,3.Geometry,3.Geometry.3,Math_G3,-0.33864580432882846,0.63
Opportunity 2,Easy,A98218,Math,3,2.Algebra,2.Algebra.5,Math_G3,0.40087693385356493,0.59
Opportunity 3,Easy,A76678,Math,3,2.Algebra,2.Algebra.1,Math_G3,-2.1288292708137058,0.82
Opportunity 1,Easy,A49109,Language Arts,4,4.Writing,4.Writing.1,Language Arts_G4,0.774714467526519,0.83
Opportunity 2,Easy,A44228,Math,3,3.Geometry,3.Geometry.4,Math_G3,-0.393107636234084,0.91
Opportunity 3,Easy,A42109,Natural Science,5,4.Chemistry,4.Chemistry.6,Natural Science_G5,-1.0455247428757912,0.92
Opportunity 3,Easy,A71926,Natural Science,5,2.Physics,2.Physics.4,Natural Science_G5,-0.42106988970521486,0.8
Opportunity 3,Easy,A95065,Natural Science,5,3.Earth Science,3.Earth Science.2,Natural Science_G5,-0.009284539564259342,0.83
Opportunity 1,Easy,A39550,Math,3,4.Measurement,4.Measurement.2,Math_G3,0.9385414073957363,0.86
Opportunity 1,Easy,A53319,Language Arts,4,3.Grammar,3.Grammar.5,Language Arts_G4,1.1987866121087423,0.6
Opportunity 1,Easy,A80176,Language Arts,4,2.Reading,2.Reading.1,Language Arts_G4,-1.4586359472645645,0.57
Opportunity 3,Easy,A39408,Natural Science,5,2.Physics,2.Physics.2,Natural Science_G5,0.06227782440559382,0.57
Opportunity 2,Easy,A82803,Language Arts,4,1.Vocabulary,1.Vocabulary.3,Language Arts_G4,0.1677069755938222,0.52
Opportunity 1,Easy,A54598,Math,3,4.Measurement,4.Measurement.1,Math_G3,0.35776591057247065,0.81
Opportunity 3,Easy,A55109,Math,3,2.Algebra,2.Algebra.1,Math_G3,-2.925017511814736,0.75
Opportunity 1,Easy,A35431,Natural Science,5,1.Biology,1.Biology.5,Natural Science_G5,-1.0458992925020802,0.8
Opportunity 2,Easy,A87414,Language Arts,4,3.Grammar,3.Grammar.4,Language Arts_G4,-1.897777019855491,0.84
Opportunity 3,Easy,A35814,Language Arts,4,2.Reading,2.Reading.6,Language Arts_G4,-1.6328607346749802,0.9
Opportunity 3,Easy,A64590,Language Arts,4,1.Vocabulary,1.Vocabulary.5,Language Arts_G4,-0.7657680720397878,0.94
Opportunity 1,Easy,A95205,Natural Science,5,3.Earth Science,3.Earth Science.2,Natural Science_G5,-0.6077788312622533,0.66
Opportunity 2,Easy,A47605,Language Arts,4,1.Vocabulary,1.Vocabulary.1,Language Arts_G4,-1.1269065853217723,0.58
Opportunity 2,Easy,A24099,Natural Science,5,3.Earth Science,3.Earth Science.2,Natural Science_G5,-1.1498477977103654,0.63
Opportunity 2,Easy,A61323,Math,3,2.Algebra,2.Algebra.2,Math_G3,-0.0229557421303771,0.9
Opportunity 2,Easy,A67620,Math,3,3.Geometry,3.Geometry.6,Math_G3,-0.7932978187019653,0.91
Opportunity 2,Easy,A73349,Natural Science,5,1.Biology,1.Biology.6,Natural Science_G5,-2.5899232853148337,0.57
Opportunity 2,Easy,A36402,Natural Science,5,3.Earth Science,3.Earth Science.6,Natural Science_G5,-0.988255179749739,0.76
Opportunity 1,Easy,A88743,Natural Science,5,1.Biology,1.Biology.4,Natural Science_G5,-0.42697240404923265,0.8
Opportunity 1,Easy,A94927,Language Arts,4,2.Reading,2.Reading.1,Language Arts_G4,-1.4457427021723672,0.54
Opportunity 3,Easy,A72310,Natural Science,5,3.Earth Science,3.Earth Science.2,Natural Science_G5,-0.832817222696686,0.52
Opportunity 3,Easy,A57856,Math,3,2.Algebra,2.Algebra.5,Math_G3,-1.5635297977289493,0.78
Opportunity 3,Easy,A88994,Natural Science,5,1.Biology,1.Biology.4,Natural Science_G5,-0.25918444775907956,0.77
Opportunity 2,Easy,A88898,Natural Science,5,2.Physics,2.Physics.5,Natural Science_G5,-0.6154420372684585,0.51
Opportunity 2,Easy,A49336,Math,3,4.Measurement,4.Measurement.6,Math_G3,1.1463455484980059,0.7
Opportunity 1,Easy,A76470,Math,3,4.Measurement,4.Measurement.1,Math_G3,-0.44501623622409403,0.95
Opportunity 1,Easy,A48417,Math,3,1.Probability,1.Probability.3,Math_G3,-0.4866190510670662,0.79
Opportunity 3,Easy,A19032,Natural Science,5,2.Physics,2.Physics.3,Natural Science_G5,-0.23810642822030337,0.67
Opportunity 2,Easy,A57404,Natural Science,5,3.Earth Science,3.Earth Science.1,Natural Science_G5,-0.7991609781942699,0.88
Opportunity 3,Easy,A13192,Natural Science,5,2.Physics,2.Physics.5,Natural Science_G5,-1.742464764201066,0.84
Opportunity 3,Easy,A15454,Natural Science,5,1.Biology,1.Biology.1,Natural Science_G5,-0.9351725161121407,0.72
Opportunity 1,Easy,A33823,Natural Science,5,4.Chemistry,4.Chemistry.3,Natural Science_G5,-1.0945026044346449,0.63
Opportunity 1,Easy,A55355,Math,3,2.Algebra,2.Algebra.2,Math_G3,0.26800503192730885,0.54
Opportunity 3,Easy,A64931,Math,3,3.Geometry,3.Geometry.4,Math_G3,-0.9779599948809953,0.77
Opportunity 1,Easy,A93550,Natural Science,5,1.Biology,1.Biology.1,Natural Science_G5,-0.7803377702048196,0.67
Opportunity 3,Easy,A43703,Language Arts,4,1.Vocabulary,1.Vocabulary.3,Language Arts_G4,-1.4378713526201268,0.59
Opportunity 2,Easy,A33440,Language Arts,4,2.Reading,2.Reading.3,Language Arts_G4,-0.6906272256933185,0.83
Opportunity 2,Easy,A21696,Natural Science,5,3.Earth Science,3.Earth Science.1,Natural Science_G5,-1.945244063748742,0.88
Opportunity 1,Easy,A62879,Language Arts,4,4.Writing,4.Writing.2,Language Arts_G4,-0.9979989513296296,0.76
Opportunity 3,Easy,A56253,Natural Science,5,2.Physics,2.Physics.3,Natural Science_G5,-2.0417143819728922,0.91
Opportunity 1,Easy,A43917,Language Arts,4,1.Vocabulary,1.Vocabulary.3,Language Arts_G4,-0.7355827841969184,0.56
Opportunity 1,Easy,A45485,Language Arts,4,1.Vocabulary,1.Vocabulary.3,Language Arts_G4,1.0813149251948684,0.7
Opportunity 1,Easy,A88759,Natural Science,5,3.Earth Science,3.Earth Science.6,Natural Science_G5,-2.0524530444676783,0.64
Opportunity 3,Easy,A69666,Math,3,2.Algebra,2.Algebra.1,Math_G3,1.2603133449197002,0.92
Opportunity 2,Easy,A50513,Language Arts,4,2.Reading,2.Reading.6,Language Arts_G4,0.1663409802356982,0.61
Opportunity 1,Easy,A26102,Natural Science,5,2.Physics,2.Physics.5,Natural Science_G5,-1.7187829657898648,0.92
Opportunity 2,Easy,A16403,Natural Science,5,1.Biology,1.Biology.4,Natural Science_G5,0.35218947862095695,0.5
Opportunity 1,Easy,A91013,Natural Science,5,4.Chemistry,4.Chemistry.3,Natural Science_G5,-0.20003133273397677,0.79
Opportunity 1,Easy,A69982,Language Arts,4,3.Grammar,3.Grammar.1,Language Arts_G4,-1.6139329065266956,0.51
Opportunity 3,Easy,A11280,Math,3,2.Algebra,2.Algebra.5,Math_G3,0.853807651732861,0.86
Opportunity 1,Easy,A82765,Math,3,1.Probability,1.Probability.4,Math_G3,-1.3451457503160094,0.7
Opportunity 1,Easy,A94422,Math,3,2.Algebra,2.Algebra.4,Math_G3,-1.0025633249385186,0.74
Opportunity 1,Easy,A58697,Natural Science,5,3.Earth Science,3.Earth Science.1,Natural Science_G5,0.0354798135730392,0.86
Opportunity 2,Easy,A45173,Natural Science,5,4.Chemistry,4.Chemistry.3,Natural Science_G5,-0.44187938840932056,0.77
Opportunity 3,Easy,A78336,Natural Science,5,2.Physics,2.Physics.2,Natural Science_G5,-0.6683987135472629,0.54
Opportunity 1,Easy,A59170,Language Arts,4,1.Vocabulary,1.Vocabulary.5,Language Arts_G4,-0.39363135341092537,0.87
Opportunity 1,Easy,A61766,Math,3,3.Geometry,3.Geometry.5,Math_G3,-1.964450133746921,0.71
Opportunity 2,Easy,A94184,Language Arts,4,2.Reading,2.Reading.2,Language Arts_G4,-1.978319216991721,0.69
Opportunity 2,Easy,A73814,Math,3,4.Measurement,4.Measurement.4,Math_G3,-0.48972602748562966,0.97
Opportunity 3,Easy,A98420,Natural Science,5,2.Physics,2.Physics.6,Natural Science_G5,-1.6538208689635825,0.51
Opportunity 3,Easy,A28774,Math,3,1.Probability,1.Probability.4,Math_G3,-1.4471643958459826,0.76
Opportunity 3,Easy,A88763,Math,3,2.Algebra,2.Algebra.4,Math_G3,1.1311044611291157,0.76
Opportunity 1,Easy,A34049,Language Arts,4,4.Writing,4.Writing.6,Language Arts_G4,0.5719055263482207,0.91
Opportunity 2,Easy,A92517,Language Arts,4,1.Vocabulary,1.Vocabulary.1,Language Arts_G4,-2.0378708949876705,0.64
Opportunity 3,Easy,A43894,Language Arts,4,4.Writing,4.Writing.6,Language Arts_G4,-1.4032885036079237,0.66
Opportunity 3,Easy,A12090,Natural Science,5,2.Physics,2.Physics.1,Natural Science_G5,-0.22026019613364822,0.88
Opportunity 2,Easy,A61493,Language Arts,4,1.Vocabulary,1.Vocabulary.3,Language Arts_G4,-1.016621152675814,0.7
Opportunity 3,Easy,A23272,Natural Science,5,3.Earth Science,3.Earth Science.3,Natural Science_G5,-2.4012882399688484,0.85
Opportunity 1,Easy,A92386,Natural Science,5,3.Earth Science,3.Earth Science.3,Natural Science_G5,-1.395076464730002,0.91
Opportunity 2,Easy,A92040,Language Arts,4,4.Writing,4.Writing.6,Language Arts_G4,-0.9852113829835616,0.62
Opportunity 3,Easy,A31589,Natural Science,5,3.Earth Science,3.Earth Science.4,Natural Science_G5,-2.228423265996268,0.57
Opportunity 2,Easy,A28475,Language Arts,4,4.Writing,4.Writing.5,Language Arts_G4,-2.454576341626689,0.63
Opportunity 1,Easy,A12197,Math,3,1.Probability,1.Probability.1,Math_G3,-0.4677967324265128,0.68
Opportunity 1,Easy,A92792,Math,3,3.Geometry,3.Geometry.2,Math_G3,0.29414659129509824,0.95
Opportunity 1,Easy,A77678,Natural Science,5,1.Biology,1.Biology.3,Natural Science_G5,-0.5649481909976618,0.71
Opportunity 1,Easy,A14319,Natural Science,5,2.Physics,2.Physics.6,Natural Science_G5,-1.5574297833857944,0.66
Opportunity 3,Easy,A61368,Language Arts,4,2.Reading,2.Reading.5,Language Arts_G4,-1.8481959085509638,0.53
Opportunity 3,Easy,A10976,Language Arts,4,4.Writing,4.Writing.2,Language Arts_G4,-2.219560283494827,0.63
Opportunity 3,Easy,A81041,Math,3,3.Geometry,3.Geometry.5,Math_G3,-0.7440037975831592,0.8
Opportunity 3,Easy,A35122,Math,3,3.Geometry,3.Geometry.2,Math_G3,-0.6292162668109171,0.66
Opportunity 1,Easy,A79357,Language Arts,4,3.Grammar,3.Grammar.3,Language Arts_G4,0.06493236492713017,0.92
Opportunity 3,Easy,A54907,Natural Science,5,4.Chemistry,4.Chemistry.4,Natural Science_G5,-0.9710333069684456,0.78
Opportunity 1,Easy,A60735,Natural Science,5,1.Biology,1.Biology.4,Natural Science_G5,-1.8272449364184757,0.9
Opportunity 1,Easy,A39192,Language Arts,4,1.Vocabulary,1.Vocabulary.4,Language Arts_G4,-1.9593827269836723,0.77
Opportunity 2,Easy,A58027,Natural Science,5,3.Earth Science,3.Earth Science.4,Natural Science_G5,0.22473951125750902,0.62
Opportunity 3,Easy,A21881,Natural Science,5,3.Earth Science,3.Earth Science.3,Natural Science_G5,-0.9936902990717003,0.74
Opportunity 1,Easy,A14553,Natural Science,5,2.Physics,2.Physics.3,Natural Science_G5,-0.4848624777379883,0.72
Opportunity 1,Easy,A83509,Math,3,2.Algebra,2.Algebra.3,Math_G3,-1.362655705922628,0.78
Opportunity 2,Easy,A44418,Math,3,4.Measurement,4.Measurement.4,Math_G3,-1.5573403971969086,0.53
Opportunity 2,Easy,A10794,Language Arts,4,1.Vocabulary,1.Vocabulary.1,Language Arts_G4,-1.101898119353631,0.5
Opportunity 3,Easy,A15187,Natural Science,5,1.Biology,1.Biology.1,Natural Science_G5,-2.2879530182397945,0.64
Opportunity 3,Easy,A34043,Language Arts,4,4.Writing,4.Writing.2,Language Arts_G4,-1.457988494717299,0.7
Opportunity 2,Easy,A47831,Natural Science,5,4.Chemistry,4.Chemistry.4,Natural Science_G5,1.0660245398387382,0.52
Opportunity 1,Easy,A38351,Math,3,1.Probability,1.Probability.1,Math_G3,-1.6058929014824928,0.72
Opportunity 3,Easy,A74177,Math,3,4.Measurement,4.Measurement.5,Math_G3,-0.4677558290486758,0.92
Opportunity 3,Easy,A13827,Language Arts,4,3.Grammar,3.Grammar.4,Language Arts_G4,-0.2558612581252493,0.55
Opportunity 2,Easy,A78120,Natural Science,5,1.Biology,1.Biology.6,Natural Science_G5,-1.1980051174227528,0.52
Opportunity 1,Easy,A66741,Math,3,1.Probability,1.Probability.3,Math_G3,-2.1679538534454017,0.54
Opportunity 3,Easy,A93181,Math,3,1.Probability,1.Probability.1,Math_G3,-0.15402136462305482,0.74
Opportunity 3,Easy,A66757,Language Arts,4,3.Grammar,3.Grammar.1,Language Arts_G4,-1.8866364412155547,0.56
Opportunity 1,Easy,A15640,Language Arts,4,2.Reading,2.Reading.2,Language Arts_G4,-0.46460119320787413,0.51
Opportunity 1,Easy,A83482,Math,3,3.Geometry,3.Geometry.1,Math_G3,-0.6479474493587791,0.8
Opportunity 3,Medium,A64777,Language Arts,4,3.Grammar,3.Grammar.6,Language Arts_G4,-0.8367185264114966,0.59
Opportunity 1,Medium,A85967,Math,3,4.Measurement,4.Measurement.2,Math_G3,0.8942496172443892,0.41
Opportunity 3,Medium,A51806,Math,3,2.Algebra,2.Algebra.2,Math_G3,-1.0110052821613205,0.42
Opportunity 2,Medium,A33530,Natural Science,5,2.Physics,2.Physics.2,Natural Science_G5,0.8691432626037026,0.75
Opportunity 3,Medium,A34296,Natural Science,5,2.Physics,2.Physics.1,Natural Science_G5,0.7569179483279008,0.62
Opportunity 2,Medium,A27772,Math,3,3.Geometry,3.Geometry.1,Math_G3,-0.6266728856631889,0.59
Opportunity 3,Medium,A27482,Math,3,1.Probability,1.Probability.3,Math_G3,-0.3848458199002305,0.36
Opportunity 2,Medium,A11044,Natural Science,5,4.Chemistry,4.Chemistry.2,Natural Science_G5,0.4282500845312326,0.75
Opportunity 2,Medium,A78184,Math,3,1.Probability,1.Probability.2,Math_G3,-0.8292563995152944,0.72
Opportunity 3,Medium,A91464,Math,3,4.Measurement,4.Measurement.1,Math_G3,0.1219771032432639,0.39
Opportunity 3,Medium,A49152,Natural Science,5,1.Biology,1.Biology.4,Natural Science_G5,0.05499924774437679,0.61
Opportunity 1,Medium,A51436,Language Arts,4,3.Grammar,3.Grammar.6,Language Arts_G4,-1.8790359931257232,0.76
Opportunity 3,Medium,A60564,Math,3,3.Geometry,3.Geometry.4,Math_G3,-0.4760189950527565,0.35
Opportunity 3,Medium,A49362,Natural Science,5,1.Biology,1.Biology.6,Natural Science_G5,-0.3866687264589997,0.47
Opportunity 2,Medium,A68730,Language Arts,4,1.Vocabulary,1.Vocabulary.5,Language Arts_G4,-0.6911388112268125,0.79
Opportunity 2,Medium,A61173,Language Arts,4,3.Grammar,3.Grammar.3,Language Arts_G4,-2.992763221616954,0.57
Opportunity 1,Medium,A28880,Language Arts,4,1.Vocabulary,1.Vocabulary.2,Language Arts_G4,-0.11943040291614171,0.63
Opportunity 2,Medium,A38554,Language Arts,4,1.Vocabulary,1.Vocabulary.2,Language Arts_G4,1.2815712881923518,0.51
Opportunity 1,Medium,A10527,Language Arts,4,3.Grammar,3.Grammar.4,Language Arts_G4,0.1002630653578006,0.39
Opportunity 3,Medium,A20461,Natural Science,5,2.Physics,2.Physics.5,Natural Science_G5,-0.007360232060792934,0.59
Opportunity 1,Medium,A64985,Math,3,4.Measurement,4.Measurement.2,Math_G3,1.528071318542919,0.64
Opportunity 3,Medium,A66742,Language Arts,4,2.Reading,2.Reading.5,Language Arts_G4,0.025422666457877816,0.78
Opportunity 2,Medium,A49982,Language Arts,4,1.Vocabulary,1.Vocabulary.1,Language Arts_G4,-0.22504040555135507,0.41
Opportunity 1,Medium,A13302,Math,3,4.Measurement,4.Measurement.6,Math_G3,0.7343155661142198,0.5
Opportunity 3,Medium,A14191,Math,3,3.Geometry,3.Geometry.5,Math_G3,1.189365103516502,0.32
Opportunity 1,Medium,A99400,Math,3,3.Geometry,3.Geometry.3,Math_G3,0.22782887101628982,0.54
Opportunity 3,Medium,A84963,Math,3,1.Probability,1.Probability.3,Math_G3,0.030728580143715968,0.51
Opportunity 2,Medium,A12314,Natural Science,5,1.Biology,1.Biology.2,Natural Science_G5,-0.1608318956240614,0.44
Opportunity 1,Medium,A71991,Language Arts,4,4.Writing,4.Writing.2,Language Arts_G4,0.856691163160101,0.37
Opportunity 3,Medium,A72381,Natural Science,5,1.Biology,1.Biology.2,Natural Science_G5,-0.9779956345540441,0.41
Opportunity 1,Medium,A60966,Natural Science,5,4.Chemistry,4.Chemistry.3,Natural Science_G5,0.28396413146007365,0.49
Opportunity 2,Medium,A99912,Math,3,2.Algebra,2.Algebra.4,Math_G3,0.5828862905206738,0.65
Opportunity 2,Medium,A69402,Math,3,1.Probability,1.Probability.5,Math_G3,-1.9537826773731253,0.6
Opportunity 3,Medium,A74289,Natural Science,5,3.Earth Science,3.Earth Science.5,Natural Science_G5,-2.0407881702511514,0.51
Opportunity 3,Medium,A33127,Natural Science,5,1.Biology,1.Biology.4,Natural Science_G5,0.5322057634761366,0.75
Opportunity 3,Medium,A58031,Natural Science,5,2.Physics,2.Physics.5,Natural Science_G5,0.3165110080238832,0.67
Opportunity 1,Medium,A86974,Natural Science,5,4.Chemistry,4.Chemistry.4,Natural Science_G5,-0.9756212841935824,0.75
Opportunity 1,Medium,A39598,Natural Science,5,2.Physics,2.Physics.4,Natural Science_G5,-0.30697685382072004,0.61
Opportunity 1,Medium,A67086,Language Arts,4,1.Vocabulary,1.Vocabulary.1,Language Arts_G4,1.589835703132934,0.55
Opportunity 2,Medium,A21621,Math,3,3.Geometry,3.Geometry.1,Math_G3,1.5160447076560732,0.45
Opportunity 2,Medium,A71527,Math,3,4.Measurement,4.Measurement.1,Math_G3,-0.9146317410478543,0.33
Opportunity 3,Medium,A68793,Natural Science,5,2.Physics,2.Physics.1,Natural Science_G5,0.803922046511155,0.63
Opportunity 3,Medium,A90347,Math,3,4.Measurement,4.Measurement.3,Math_G3,0.8348117703473434,0.78
Opportunity 1,Medium,A32344,Math,3,4.Measurement,4.Measurement.2,Math_G3,0.30713086987406185,0.53
Opportunity 1,Medium,A79289,Math,3,4.Measurement,4.Measurement.6,Math_G3,-0.3620214234933252,0.5
Opportunity 1,Medium,A35209,Language Arts,4,3.Grammar,3.Grammar.2,Language Arts_G4,0.19944029569645713,0.79
Opportunity 3,Medium,A55300,Math,3,3.Geometry,3.Geometry.6,Math_G3,-0.6650683264964252,0.64
Opportunity 2,Medium,A20815,Math,3,3.Geometry,3.Geometry.1,Math_G3,0.9647805410346135,0.59
Opportunity 3,Medium,A15427,Natural Science,5,3.Earth Science,3.Earth Science.5,Natural Science_G5,0.8508756424199221,0.49
Opportunity 3,Medium,A74094,Math,3,2.Algebra,2.Algebra.1,Math_G3,0.1763502412909701,0.42
Opportunity 1,Medium,A83861,Math,3,2.Algebra,2.Algebra.4,Math_G3,1.1148435022768757,0.7
Opportunity 1,Medium,A22840,Language Arts,4,2.Reading,2.Reading.4,Language Arts_G4,1.467496574145428,0.49
Opportunity 2,Medium,A81289,Language Arts,4,1.Vocabulary,1.Vocabulary.2,Language Arts_G4,1.3787123285697707,0.31
Opportunity 3,Medium,A41715,Natural Science,5,2.Physics,2.Physics.5,Natural Science_G5,1.5516996947574608,0.38
Opportunity 1,Medium,A85734,Math,3,1.Probability,1.Probability.3,Math_G3,0.11365713246186333,0.75
Opportunity 2,Medium,A38353,Math,3,2.Algebra,2.Algebra.3,Math_G3,0.7831960048371944,0.67
Opportunity 1,Medium,A59730,Math,3,2.Algebra,2.Algebra.2,Math_G3,0.7994819843256454,0.8
Opportunity 1,Medium,A10179,Natural Science,5,1.Biology,1.Biology.6,Natural Science_G5,0.12840191865950737,0.46
Opportunity 2,Medium,A95979,Math,3,4.Measurement,4.Measurement.4,Math_G3,1.6200227063048867,0.3
Opportunity 1,Medium,A12017,Language Arts,4,2.Reading,2.Reading.6,Language Arts_G4,1.3654688180445285,0.66
Opportunity 1,Medium,A72972,Language Arts,4,2.Reading,2.Reading.1,Language Arts_G4,-0.029733459875362554,0.73
Opportunity 2,Medium,A33478,Math,3,3.Geometry,3.Geometry.3,Math_G3,-0.331748628916585,0.66
Opportunity 3,Medium,A67654,Math,3,1.Probability,1.Probability.4,Math_G3,0.28116662553896565,0.41
Opportunity 1,Medium,A97877,Math,3,3.Geometry,3.Geometry.3,Math_G3,0.1020378047726755,0.61
Opportunity 2,Medium,A20745,Math,3,4.Measurement,4.Measurement.6,Math_G3,-1.082146720764914,0.67
Opportunity 3,Medium,A25990,Math,3,1.Probability,1.Probability.5,Math_G3,-0.3368320124502931,0.52
Opportunity 2,Medium,A18806,Math,3,1.Probability,1.Probability.2,Math_G3,-2.119252329365307,0.68
Opportunity 3,Medium,A55385,Natural Science,5,1.Biology,1.Biology.2,Natural Science_G5,0.6575606190895581,0.51
Opportunity 2,Medium,A92441,Math,3,2.Algebra,2.Algebra.3,Math_G3,0.9123688371050525,0.58
Opportunity 3,Medium,A76827,Language Arts,4,1.Vocabulary,1.Vocabulary.3,Language Arts_G4,0.71697633206954,0.36
Opportunity 2,Medium,A42895,Math,3,3.Geometry,3.Geometry.1,Math_G3,-0.0241378454267903,0.55
Opportunity 2,Medium,A75679,Language Arts,4,4.Writing,4.Writing.6,Language Arts_G4,-0.5443685026524255,0.63
Opportunity 1,Medium,A74369,Language Arts,4,2.Reading,2.Reading.5,Language Arts_G4,0.6828274102774373,0.31
Opportunity 1,Medium,A37748,Natural Science,5,2.Physics,2.Physics.1,Natural Science_G5,-0.7149676513717537,0.7
Opportunity 1,Medium,A40474,Language Arts,4,1.Vocabulary,1.Vocabulary.3,Language Arts_G4,0.2598363270867765,0.32
Opportunity 2,Medium,A41944,Math,3,4.Measurement,4.Measurement.4,Math_G3,0.6234597120198039,0.67
Opportunity 2,Medium,A85394,Natural Science,5,3.Earth Science,3.Earth Science.2,Natural Science_G5,0.3490337350388488,0.67
Opportunity 3,Medium,A28159,Math,3,1.Probability,1.Probability.1,Math_G3,2.441569514022088,0.68
Opportunity 2,Medium,A44491,Natural Science,5,1.Biology,1.Biology.2,Natural Science_G5,-0.9937445854679778,0.46
Opportunity 1,Medium,A13998,Natural Science,5,1.Biology,1.Biology.3,Natural Science_G5,-0.13843259728705698,0.61
Opportunity 1,Medium,A56190,Language Arts,4,3.Grammar,3.Grammar.4,Language Arts_G4,-0.8438462882341048,0.58
Opportunity 2,Medium,A67563,Natural Science,5,4.Chemistry,4.Chemistry.4,Natural Science_G5,0.16190464735633822,0.45
Opportunity 2,Medium,A58966,Language Arts,4,1.Vocabulary,1.Vocabulary.3,Language Arts_G4,0.6487104423762045,0.75
Opportunity 1,Medium,A26421,Language Arts,4,2.Reading,2.Reading.3,Language Arts_G4,-0.48741435856816584,0.63
Opportunity 1,Medium,A40019,Language Arts,4,2.Reading,2.Reading.4,Language Arts_G4,0.5419024905777194,0.74
Opportunity 2,Medium,A95801,Language Arts,4,3.Grammar,3.Grammar.3,Language Arts_G4,0.7764602009449874,0.33
Opportunity 1,Medium,A85379,Language Arts,4,3.Grammar,3.Grammar.2,Language Arts_G4,-0.6395963646366435,0.76
Opportunity 3,Medium,A58728,Language Arts,4,3.Grammar,3.Grammar.4,Language Arts_G4,0.40445251508965435,0.52
Opportunity 1,Medium,A70076,Language Arts,4,4.Writing,4.Writing.1,Language Arts_G4,0.20002785413113594,0.58
Opportunity 1,Medium,A57940,Natural Science,5,2.Physics,2.Physics.5,Natural Science_G5,0.732688882300093,0.47
Opportunity 2,Medium,A96014,Language Arts,4,2.Reading,2.Reading.5,Language Arts_G4,-1.1345694090994691,0.68
Opportunity 2,Medium,A92629,Natural Science,5,4.Chemistry,4.Chemistry.1,Natural Science_G5,2.2917738515089425,0.53
Opportunity 3,Medium,A82302,Natural Science,5,3.Earth Science,3.Earth Science.6,Natural Science_G5,-0.6382500791987794,0.61
Opportunity 2,Medium,A85709,Natural Science,5,3.Earth Science,3.Earth Science.1,Natural Science_G5,1.323082665860764,0.69
Opportunity 1,Medium,A50253,Math,3,1.Probability,1.Probability.5,Math_G3,-1.55715230199389,0.68
Opportunity 1,Medium,A71770,Natural Science,5,2.Physics,2.Physics.6,Natural Science_G5,-0.7196712646929319,0.46
Opportunity 2,Medium,A42286,Math,3,1.Probability,1.Probability.4,Math_G3,0.5333179669525042,0.45
Opportunity 1,Medium,A69120,Math,3,3.Geometry,3.Geometry.4,Math_G3,-0.7227519690286603,0.59
Opportunity 2,Medium,A58479,Natural Science,5,2.Physics,2.Physics.4,Natural Science_G5,-0.12613696523001405,0.59
Opportunity 1,Medium,A92520,Math,3,3.Geometry,3.Geometry.1,Math_G3,0.9824356336799923,0.78
Opportunity 2,Medium,A81326,Natural Science,5,2.Physics,2.Physics.5,Natural Science_G5,1.0968905753335143,0.5
Opportunity 1,Medium,A69748,Natural Science,5,1.Biology,1.Biology.6,Natural Science_G5,0.3945304470487479,0.45
Opportunity 1,Medium,A92721,Math,3,3.Geometry,3.Geometry.2,Math_G3,-1.1175954274810092,0.74
Opportunity 2,Medium,A28788,Math,3,4.Measurement,4.Measurement.4,Math_G3,-2.1979656117560484,0.36
Opportunity 2,Medium,A64766,Math,3,2.Algebra,2.Algebra.5,Math_G3,-0.34774256870569803,0.69
Opportunity 3,Medium,A90633,Language Arts,4,1.Vocabulary,1.Vocabulary.4,Language Arts_G4,-1.6954623540111633,0.65
Opportunity 2,Medium,A99277,Math,3,3.Geometry,3.Geometry.4,Math_G3,-0.30132138896184335,0.68
Opportunity 3,Medium,A17848,Natural Science,5,2.Physics,2.Physics.4,Natural Science_G5,0.3784692280822055,0.74
Opportunity 2,Medium,A61801,Natural Science,5,1.Biology,1.Biology.5,Natural Science_G5,-0.49966216948143893,0.55
Opportunity 1,Medium,A47204,Math,3,4.Measurement,4.Measurement.4,Math_G3,-1.257885730633002,0.74
Opportunity 3,Medium,A61461,Natural Science,5,3.Earth Science,3.Earth Science.6,Natural Science_G5,-0.6222795931735688,0.36
Opportunity 3,Medium,A82043,Language Arts,4,2.Reading,2.Reading.2,Language Arts_G4,-1.034491156994258,0.64
Opportunity 1,Medium,A57331,Math,3,3.Geometry,3.Geometry.5,Math_G3,0.3390248096487035,0.58
Opportunity 2,Medium,A91659,Math,3,1.Probability,1.Probability.6,Math_G3,0.14689863678163886,0.59
Opportunity 2,Medium,A92341,Language Arts,4,1.Vocabulary,1.Vocabulary.6,Language Arts_G4,0.07054669184601113,0.71
Opportunity 3,Medium,A31299,Math,3,4.Measurement,4.Measurement.4,Math_G3,0.05638923654127579,0.49
Opportunity 2,Medium,A36570,Natural Science,5,1.Biology,1.Biology.1,Natural Science_G5,1.2329879933318646,0.47
Opportunity 1,Medium,A49349,Natural Science,5,4.Chemistry,4.Chemistry.4,Natural Science_G5,0.20044378524089163,0.43
Opportunity 3,Medium,A23661,Math,3,4.Measurement,4.Measurement.3,Math_G3,-1.0821360758854683,0.6
Opportunity 3,Medium,A12345,Math,3,3.Geometry,3.Geometry.1,Math_G3,-0.9124085807624496,0.58
Opportunity 2,Medium,A32777,Natural Science,5,3.Earth Science,3.Earth Science.4,Natural Science_G5,-1.055301935675308,0.45
Opportunity 2,Medium,A32406,Math,3,3.Geometry,3.Geometry.1,Math_G3,-0.6177976170807524,0.46
Opportunity 1,Medium,A36311,Language Arts,4,2.Reading,2.Reading.6,Language Arts_G4,0.8407096146765817,0.55
Opportunity 2,Medium,A53301,Language Arts,4,4.Writing,4.Writing.5,Language Arts_G4,0.190752665041471,0.47
Opportunity 2,Medium,A93512,Math,3,3.Geometry,3.Geometry.1,Math_G3,-1.2721111729175707,0.44
Opportunity 3,Medium,A55185,Language Arts,4,2.Reading,2.Reading.6,Language Arts_G4,1.796677313203747,0.3
Opportunity 1,Medium,A45422,Natural Science,5,2.Physics,2.Physics.1,Natural Science_G5,0.40906262546396205,0.56
Opportunity 2,Medium,A68151,Math,3,1.Probability,1.Probability.6,Math_G3,0.48521628414842566,0.79
Opportunity 2,Medium,A92041,Natural Science,5,2.Physics,2.Physics.3,Natural Science_G5,0.529830759515499,0.55
Opportunity 1,Medium,A87590,Math,3,2.Algebra,2.Algebra.5,Math_G3,1.0910341060197355,0.75
Opportunity 1,Medium,A21837,Language Arts,4,1.Vocabulary,1.Vocabulary.4,Language Arts_G4,0.5473266417524323,0.3
Opportunity 2,Medium,A47162,Natural Science,5,1.Biology,1.Biology.6,Natural Science_G5,-1.8016487671109693,0.59
Opportunity 2,Medium,A77066,Natural Science,5,3.Earth Science,3.Earth Science.6,Natural Science_G5,-1.2822143911541024,0.6
Opportunity 3,Medium,A92476,Natural Science,5,1.Biology,1.Biology.3,Natural Science_G5,0.9951988118032934,0.78
Opportunity 3,Medium,A33295,Language Arts,4,4.Writing,4.Writing.6,Language Arts_G4,-0.3476027520051696,0.3
Opportunity 1,Medium,A43395,Language Arts,4,3.Grammar,3.Grammar.4,Language Arts_G4,0.569079479914218,0.37
Opportunity 3,Medium,A33242,Language Arts,4,2.Reading,2.Reading.6,Language Arts_G4,0.4889055094993529,0.44
Opportunity 3,Medium,A85822,Math,3,2.Algebra,2.Algebra.1,Math_G3,-1.2506641958275466,0.42
Opportunity 2,Medium,A74743,Language Arts,4,4.Writing,4.Writing.2,Language Arts_G4,1.3025402850088372,0.47
Opportunity 2,Medium,A64470,Natural Science,5,2.Physics,2.Physics.2,Natural Science_G5,-0.3288606627953281,0.49
Opportunity 3,Medium,A33042,Natural Science,5,4.Chemistry,4.Chemistry.2,Natural Science_G5,-0.029158444276607833,0.48
Opportunity 2,Medium,A53481,Math,3,1.Probability,1.Probability.6,Math_G3,-1.0330413632547388,0.33
Opportunity 1,Medium,A65790,Natural Science,5,3.Earth Science,3.Earth Science.3,Natural Science_G5,1.9500910890637357,0.49
Opportunity 3,Medium,A83280,Natural Science,5,4.Chemistry,4.Chemistry.1,Natural Science_G5,0.3814432564874566,0.54
Opportunity 3,Medium,A99737,Math,3,3.Geometry,3.Geometry.4,Math_G3,0.5542346483910163,0.63
Opportunity 2,Medium,A87154,Math,3,1.Probability,1.Probability.6,Math_G3,0.03672541249925173,0.7
Opportunity 2,Medium,A66998,Natural Science,5,2.Physics,2.Physics.5,Natural Science_G5,1.019985345625868,0.51
Opportunity 3,Medium,A36738,Math,3,3.Geometry,3.Geometry.2,Math_G3,-1.107352140589092,0.52
Opportunity 2,Medium,A25356,Language Arts,4,2.Reading,2.Reading.1,Language Arts_G4,1.2236506015183641,0.69
Opportunity 2,Medium,A34566,Language Arts,4,4.Writing,4.Writing.6,Language Arts_G4,-1.0206007248949782,0.53
Opportunity 2,Medium,A63292,Language Arts,4,4.Writing,4.Writing.6,Language Arts_G4,1.16017041539159,0.52
Opportunity 1,Medium,A77874,Math,3,1.Probability,1.Probability.1,Math_G3,-0.7335425696813,0.36
Opportunity 3,Medium,A38879,Natural Science,5,3.Earth Science,3.Earth Science.3,Natural Science_G5,0.8875228638078978,0.53
Opportunity 1,Medium,A40623,Natural Science,5,3.Earth Science,3.Earth Science.1,Natural Science_G5,0.6002193703884113,0.42
Opportunity 3,Medium,A19462,Language Arts,4,3.Grammar,3.Grammar.2,Language Arts_G4,1.444264623993643,0.6
Opportunity 2,Medium,A97846,Math,3,4.Measurement,4.Measurement.3,Math_G3,-1.2423010971165656,0.79
Opportunity 3,Medium,A90259,Math,3,1.Probability,1.Probability.5,Math_G3,-1.1234310459430006,0.43
Opportunity 2,Medium,A96714,Language Arts,4,2.Reading,2.Reading.4,Language Arts_G4,0.8722065244590329,0.54
Opportunity 1,Medium,A76552,Natural Science,5,3.Earth Science,3.Earth Science.4,Natural Science_G5,1.4091724361807014,0.73
Opportunity 1,Medium,A47057,Math,3,1.Probability,1.Probability.5,Math_G3,1.6859209969719025,0.45
Opportunity 2,Medium,A30750,Language Arts,4,3.Grammar,3.Grammar.5,Language Arts_G4,1.747260582621251,0.31
Opportunity 1,Medium,A15835,Language Arts,4,2.Reading,2.Reading.3,Language Arts_G4,-0.7263994309134607,0.74
Opportunity 3,Medium,A43829,Natural Science,5,2.Physics,2.Physics.5,Natural Science_G5,0.36550487193231734,0.35
Opportunity 3,Medium,A75676,Language Arts,4,4.Writing,4.Writing.5,Language Arts_G4,0.09153459970393646,0.53
Opportunity 2,Medium,A16157,Natural Science,5,2.Physics,2.Physics.2,Natural Science_G5,0.7059376882247018,0.4
Opportunity 2,Medium,A16395,Language Arts,4,3.Grammar,3.Grammar.6,Language Arts_G4,-2.422131948811078,0.38
Opportunity 2,Medium,A36732,Math,3,2.Algebra,2.Algebra.5,Math_G3,-0.7122453851042927,0.45
Opportunity 3,Medium,A49038,Natural Science,5,3.Earth Science,3.Earth Science.1,Natural Science_G5,0.3305637240728508,0.78
Opportunity 3,Medium,A50946,Language Arts,4,3.Grammar,3.Grammar.6,Language Arts_G4,0.7469839185469896,0.48
Opportunity 1,Medium,A19195,Natural Science,5,1.Biology,1.Biology.2,Natural Science_G5,-0.6242544938274471,0.71
Opportunity 1,Medium,A12545,Language Arts,4,1.Vocabulary,1.Vocabulary.6,Language Arts_G4,1.1100852713454201,0.76
Opportunity 3,Medium,A28448,Math,3,2.Algebra,2.Algebra.2,Math_G3,-0.4138846411659673,0.7
Opportunity 1,Medium,A67105,Math,3,3.Geometry,3.Geometry.1,Math_G3,-2.1471612057104936,0.5
Opportunity 2,Medium,A95153,Language Arts,4,3.Grammar,3.Grammar.1,Language Arts_G4,-1.1124669637667344,0.58
Opportunity 1,Medium,A39807,Natural Science,5,3.Earth Science,3.Earth Science.6,Natural Science_G5,-0.8925582548056543,0.79
Opportunity 3,Medium,A63639,Language Arts,4,4.Writing,4.Writing.6,Language Arts_G4,-0.3839924260470523,0.77
Opportunity 1,Medium,A74634,Math,3,3.Geometry,3.Geometry.2,Math_G3,0.3851029050731586,0.8
Opportunity 2,Medium,A74090,Language Arts,4,2.Reading,2.Reading.4,Language Arts_G4,-0.46098863363902676,0.3
Opportunity 2,Medium,A61723,Natural Science,5,4.Chemistry,4.Chemistry.5,Natural Science_G5,0.1892950040195952,0.67
Opportunity 1,Medium,A34738,Natural Science,5,3.Earth Science,3.Earth Science.3,Natural Science_G5,-0.051110593516840525,0.4
Opportunity 2,Medium,A38047,Natural Science,5,1.Biology,1.Biology.3,Natural Science_G5,0.212512266508684,0.5
Opportunity 2,Medium,A23488,Natural Science,5,3.Earth Science,3.Earth Science.6,Natural Science_G5,-0.3807754455869907,0.8
Opportunity 1,Medium,A46174,Math,3,1.Probability,1.Probability.3,Math_G3,-0.8885333715371422,0.78
Opportunity 2,Medium,A17211,Math,3,4.Measurement,4.Measurement.6,Math_G3,1.81270346487375,0.7
Opportunity 2,Medium,A78957,Math,3,1.Probability,1.Probability.5,Math_G3,1.5485654256480257,0.53
Opportunity 1,Medium,A60075,Language Arts,4,3.Grammar,3.Grammar.2,Language Arts_G4,0.19828643708122665,0.71
Opportunity 3,Medium,A84340,Language Arts,4,2.Reading,2.Reading.6,Language Arts_G4,0.9031711612418932,0.62
Opportunity 1,Medium,A94738,Natural Science,5,3.Earth Science,3.Earth Science.3,Natural Science_G5,-1.315387340378105,0.42
Opportunity 3,Medium,A15556,Math,3,4.Measurement,4.Measurement.1,Math_G3,0.5027738733250334,0.66
Opportunity 2,Medium,A37359,Math,3,2.Algebra,2.Algebra.6,Math_G3,0.2626765659093245,0.39
Opportunity 2,Medium,A66416,Math,3,3.Geometry,3.Geometry.2,Math_G3,0.4142613719854331,0.61
Opportunity 3,Medium,A68083,Natural Science,5,3.Earth Science,3.Earth Science.2,Natural Science_G5,-0.40938661776021495,0.79
Opportunity 1,Medium,A61842,Math,3,1.Probability,1.Probability.3,Math_G3,-1.9035103627736312,0.41
Opportunity 2,Medium,A39354,Math,3,4.Measurement,4.Measurement.4,Math_G3,0.2383756032740952,0.34
Opportunity 1,Medium,A26652,Natural Science,5,2.Physics,2.Physics.5,Natural Science_G5,0.645911382851973,0.57
Opportunity 1,Medium,A84199,Language Arts,4,4.Writing,4.Writing.3,Language Arts_G4,0.692989464587724,0.53
Opportunity 1,Medium,A34256,Math,3,4.Measurement,4.Measurement.3,Math_G3,0.07975931463616152,0.75
Opportunity 3,Medium,A92019,Natural Science,5,3.Earth Science,3.Earth Science.6,Natural Science_G5,0.014476338025648397,0.61
Opportunity 1,Medium,A95005,Math,3,3.Geometry,3.Geometry.3,Math_G3,-1.6023774305883738,0.54
Opportunity 1,Medium,A28097,Language Arts,4,2.Reading,2.Reading.3,Language Arts_G4,-0.36469785957136924,0.3
Opportunity 1,Medium,A69198,Natural Science,5,2.Physics,2.Physics.6,Natural Science_G5,0.9468738105081916,0.38
Opportunity 2,Medium,A74303,Math,3,2.Algebra,2.Algebra.5,Math_G3,-0.0900618010096711,0.3
Opportunity 1,Medium,A56181,Natural Science,5,1.Biology,1.Biology.5,Natural Science_G5,-0.9569750780780999,0.4
Opportunity 2,Medium,A15257,Language Arts,4,4.Writing,4.Writing.3,Language Arts_G4,-0.19482696155331644,0.74
Opportunity 2,Medium,A81608,Natural Science,5,2.Physics,2.Physics.6,Natural Science_G5,-1.3835109173003253,0.44
Opportunity 1,Medium,A35780,Natural Science,5,1.Biology,1.Biology.3,Natural Science_G5,0.18883976959142706,0.48
Opportunity 2,Medium,A97746,Math,3,4.Measurement,4.Measurement.5,Math_G3,-1.6798892805156875,0.65
Opportunity 3,Medium,A14965,Language Arts,4,1.Vocabulary,1.Vocabulary.1,Language Arts_G4,-0.1434015474608274,0.45
Opportunity 2,Medium,A37891,Math,3,2.Algebra,2.Algebra.4,Math_G3,-0.35244610448366726,0.41
Opportunity 1,Medium,A86786,Natural Science,5,4.Chemistry,4.Chemistry.4,Natural Science_G5,-0.6813718157258305,0.74
Opportunity 1,Medium,A76688,Language Arts,4,3.Grammar,3.Grammar.4,Language Arts_G4,0.13061557951825614,0.4
Opportunity 1,Medium,A84623,Math,3,1.Probability,1.Probability.5,Math_G3,-0.19537715758786545,0.43
Opportunity 1,Medium,A97340,Math,3,3.Geometry,3.Geometry.5,Math_G3,0.5523743399093843,0.42
Opportunity 1,Medium,A69385,Language Arts,4,4.Writing,4.Writing.1,Language Arts_G4,-0.6639317156085949,0.58
Opportunity 3,Medium,A85031,Math,3,3.Geometry,3.Geometry.1,Math_G3,0.8957603084997284,0.57
Opportunity 1,Medium,A87767,Natural Science,5,1.Biology,1.Biology.5,Natural Science_G5,-1.571570831758134,0.64
Opportunity 3,Medium,A80876,Natural Science,5,3.Earth Science,3.Earth Science.5,Natural Science_G5,0.48087309946401896,0.79
Opportunity 2,Medium,A56758,Natural Science,5,4.Chemistry,4.Chemistry.4,Natural Science_G5,0.4075948858160502,0.41
Opportunity 1,Medium,A17631,Language Arts,4,1.Vocabulary,1.Vocabulary.3,Language Arts_G4,-0.2243272393793801,0.68
Opportunity 2,Medium,A21100,Natural Science,5,1.Biology,1.Biology.1,Natural Science_G5,0.47234694685254563,0.66
Opportunity 2,Medium,A21715,Math,3,1.Probability,1.Probability.2,Math_G3,-1.3133438209161628,0.76
Opportunity 2,Medium,A11794,Language Arts,4,4.Writing,4.Writing.3,Language Arts_G4,1.043422550140464,0.41
Opportunity 1,Medium,A48224,Language Arts,4,1.Vocabulary,1.Vocabulary.2,Language Arts_G4,1.1741973188123387,0.52
Opportunity 1,Medium,A57036,Math,3,1.Probability,1.Probability.4,Math_G3,-0.4063928698910778,0.54
Opportunity 2,Medium,A14908,Language Arts,4,1.Vocabulary,1.Vocabulary.2,Language Arts_G4,0.5697258928731044,0.65
Opportunity 3,Medium,A73856,Language Arts,4,2.Reading,2.Reading.6,Language Arts_G4,-0.024989050114943567,0.3
Opportunity 2,Medium,A44970,Natural Science,5,2.Physics,2.Physics.3,Natural Science_G5,0.9384240143094347,0.44
Opportunity 1,Medium,A95227,Language Arts,4,4.Writing,4.Writing.1,Language Arts_G4,0.8049215374944859,0.62
Opportunity 2,Medium,A55996,Math,3,3.Geometry,3.Geometry.6,Math_G3,1.0117928895819075,0.72
Opportunity 1,Medium,A40479,Math,3,4.Measurement,4.Measurement.2,Math_G3,0.5834173460132965,0.78
Opportunity 3,Medium,A95918,Language Arts,4,1.Vocabulary,1.Vocabulary.5,Language Arts_G4,-0.9737076292324753,0.34
Opportunity 3,Medium,A57430,Natural Science,5,1.Biology,1.Biology.3,Natural Science_G5,1.322598180030715,0.58
Opportunity 3,Medium,A45563,Natural Science,5,4.Chemistry,4.Chemistry.1,Natural Science_G5,1.5801515420733379,0.73
Opportunity 2,Medium,A75061,Math,3,3.Geometry,3.Geometry.3,Math_G3,0.3415598526424001,0.37
Opportunity 1,Medium,A48389,Natural Science,5,3.Earth Science,3.Earth Science.5,Natural Science_G5,0.415306220444351,0.64
Opportunity 1,Medium,A45082,Math,3,3.Geometry,3.Geometry.6,Math_G3,1.6364545136281312,0.45
Opportunity 2,Medium,A79954,Natural Science,5,4.Chemistry,4.Chemistry.3,Natural Science_G5,0.5665521210833004,0.58
Opportunity 3,Medium,A16645,Math,3,1.Probability,1.Probability.3,Math_G3,-0.20235574153118563,0.59
Opportunity 1,Medium,A99641,Language Arts,4,4.Writing,4.Writing.1,Language Arts_G4,-0.6584333375313471,0.57
Opportunity 1,Medium,A98844,Natural Science,5,1.Biology,1.Biology.2,Natural Science_G5,0.22132233972593163,0.34
Opportunity 1,Medium,A96038,Language Arts,4,4.Writing,4.Writing.3,Language Arts_G4,0.04850221355977839,0.72
Opportunity 1,Medium,A66506,Language Arts,4,2.Reading,2.Reading.1,Language Arts_G4,0.9846154683415501,0.79
Opportunity 1,Medium,A45276,Natural Science,5,4.Chemistry,4.Chemistry.6,Natural Science_G5,0.8567524185443639,0.49
Opportunity 1,Medium,A19753,Math,3,3.Geometry,3.Geometry.5,Math_G3,0.5425185586148753,0.72
Opportunity 1,Medium,A11326,Natural Science,5,3.Earth Science,3.Earth Science.1,Natural Science_G5,0.4807793628607168,0.37
Opportunity 2,Medium,A59100,Math,3,1.Probability,1.Probability.5,Math_G3,-1.8496565397751725,0.41
Opportunity 2,Medium,A72133,Language Arts,4,4.Writing,4.Writing.6,Language Arts_G4,-0.1292058391021635,0.66
Opportunity 1,Medium,A78006,Language Arts,4,4.Writing,4.Writing.5,Language Arts_G4,-1.0793197558750374,0.33
Opportunity 2,Medium,A91739,Math,3,3.Geometry,3.Geometry.3,Math_G3,-0.4889565355645011,0.7
Opportunity 3,Medium,A93903,Math,3,2.Algebra,2.Algebra.3,Math_G3,-1.306307679101486,0.69
Opportunity 2,Medium,A82715,Natural Science,5,3.Earth Science,3.Earth Science.1,Natural Science_G5,1.1806618440377772,0.68
Opportunity 3,Medium,A58033,Math,3,1.Probability,1.Probability.6,Math_G3,-0.3863151799107281,0.61
Opportunity 3,Medium,A15886,Language Arts,4,4.Writing,4.Writing.6,Language Arts_G4,-1.6128198594136864,0.76
Opportunity 1,Medium,A51609,Natural Science,5,4.Chemistry,4.Chemistry.2,Natural Science_G5,1.9415570088863292,0.44
Opportunity 1,Medium,A94331,Math,3,2.Algebra,2.Algebra.4,Math_G3,1.3346502728324499,0.69
Opportunity 2,Medium,A49447,Language Arts,4,4.Writing,4.Writing.2,Language Arts_G4,0.0928445674762889,0.53
Opportunity 3,Medium,A58978,Natural Science,5,4.Chemistry,4.Chemistry.3,Natural Science_G5,0.5448580850301289,0.58
Opportunity 1,Medium,A81842,Natural Science,5,4.Chemistry,4.Chemistry.3,Natural Science_G5,0.3172340800601509,0.72
Opportunity 2,Medium,A73002,Math,3,4.Measurement,4.Measurement.5,Math_G3,1.1188335425075455,0.48
Opportunity 2,Medium,A95124,Language Arts,4,4.Writing,4.Writing.5,Language Arts_G4,0.5641522385058102,0.64
Opportunity 1,Medium,A56778,Math,3,4.Measurement,4.Measurement.4,Math_G3,-2.4838541775710055,0.52
Opportunity 2,Medium,A80011,Math,3,2.Algebra,2.Algebra.4,Math_G3,-1.3087866308858023,0.75
Opportunity 2,Medium,A76170,Language Arts,4,2.Reading,2.Reading.2,Language Arts_G4,1.8003800645779904,0.67
Opportunity 3,Medium,A44757,Language Arts,4,4.Writing,4.Writing.2,Language Arts_G4,-1.3019553260284396,0.57
Opportunity 3,Medium,A59734,Language Arts,4,2.Reading,2.Reading.5,Language Arts_G4,1.0886823432685597,0.63
Opportunity 3,Medium,A36333,Language Arts,4,4.Writing,4.Writing.4,Language Arts_G4,0.6871427589675407,0.7
Opportunity 2,Medium,A74738,Math,3,4.Measurement,4.Measurement.5,Math_G3,-0.491506253830815,0.66
Opportunity 3,Medium,A12433,Math,3,2.Algebra,2.Algebra.5,Math_G3,0.800910142910356,0.78
Opportunity 1,Medium,A70461,Language Arts,4,3.Grammar,3.Grammar.6,Language Arts_G4,-0.2847025186592452,0.56
Opportunity 3,Medium,A63921,Language Arts,4,4.Writing,4.Writing.2,Language Arts_G4,0.25099987798531953,0.77
Opportunity 3,Medium,A98672,Natural Science,5,2.Physics,2.Physics.4,Natural Science_G5,-2.4987441233717473,0.52
Opportunity 2,Medium,A79963,Natural Science,5,3.Earth Science,3.Earth Science.6,Natural Science_G5,0.9512863253678276,0.48
Opportunity 1,Medium,A83857,Natural Science,5,2.Physics,2.Physics.5,Natural Science_G5,0.5684523228357915,0.39
Opportunity 3,Medium,A20350,Math,3,4.Measurement,4.Measurement.1,Math_G3,1.0023786044770326,0.74
Opportunity 2,Medium,A42287,Language Arts,4,4.Writing,4.Writing.6,Language Arts_G4,-0.904717660129224,0.39
Opportunity 2,Medium,A74670,Math,3,2.Algebra,2.Algebra.1,Math_G3,-0.2669121576059318,0.49
Opportunity 3,Medium,A69960,Math,3,4.Measurement,4.Measurement.2,Math_G3,0.8918189870801849,0.58
Opportunity 2,Medium,A47241,Language Arts,4,3.Grammar,3.Grammar.1,Language Arts_G4,-0.3775967353553934,0.37
Opportunity 3,Medium,A15762,Language Arts,4,2.Reading,2.Reading.3,Language Arts_G4,-0.9499803766022764,0.66
Opportunity 2,Medium,A58487,Natural Science,5,2.Physics,2.Physics.2,Natural Science_G5,-0.37509295650511554,0.49
Opportunity 1,Medium,A32933,Language Arts,4,2.Reading,2.Reading.3,Language Arts_G4,-0.6968111772629775,0.72
Opportunity 2,Medium,A76759,Language Arts,4,4.Writing,4.Writing.2,Language Arts_G4,-1.1874020298911285,0.46
Opportunity 3,Medium,A15854,Math,3,3.Geometry,3.Geometry.1,Math_G3,0.5763723140754138,0.65
Opportunity 1,Medium,A75876,Language Arts,4,2.Reading,2.Reading.6,Language Arts_G4,0.7055367622957274,0.37
Opportunity 1,Medium,A27326,Math,3,1.Probability,1.Probability.4,Math_G3,2.7026689463349545,0.47
Opportunity 3,Medium,A27399,Natural Science,5,3.Earth Science,3.Earth Science.1,Natural Science_G5,-0.20191652273052657,0.31
Opportunity 1,Medium,A60517,Language Arts,4,4.Writing,4.Writing.5,Language Arts_G4,0.280258343025686,0.43
Opportunity 2,Medium,A70616,Language Arts,4,3.Grammar,3.Grammar.2,Language Arts_G4,1.0178478166502392,0.45
Opportunity 3,Medium,A37101,Math,3,1.Probability,1.Probability.3,Math_G3,-1.50732353780832,0.47
Opportunity 1,Medium,A39797,Math,3,1.Probability,1.Probability.5,Math_G3,2.1279247082810615,0.67
Opportunity 1,Medium,A70333,Natural Science,5,2.Physics,2.Physics.5,Natural Science_G5,0.7583357396886209,0.61
Opportunity 1,Medium,A45715,Language Arts,4,2.Reading,2.Reading.5,Language Arts_G4,0.46680811367714276,0.56
Opportunity 2,Medium,A61045,Math,3,3.Geometry,3.Geometry.6,Math_G3,0.2304781557597518,0.53
Opportunity 3,Medium,A84667,Math,3,3.Geometry,3.Geometry.5,Math_G3,1.4704484908577378,0.56
Opportunity 1,Medium,A74939,Language Arts,4,1.Vocabulary,1.Vocabulary.4,Language Arts_G4,-2.7207540106848644,0.74
Opportunity 2,Medium,A66262,Math,3,3.Geometry,3.Geometry.6,Math_G3,1.7725530179315119,0.42
Opportunity 1,Medium,A99365,Language Arts,4,4.Writing,4.Writing.2,Language Arts_G4,0.8522746493900254,0.44
Opportunity 2,Medium,A42525,Math,3,2.Algebra,2.Algebra.2,Math_G3,-0.392915594780701,0.38
Opportunity 3,Medium,A33579,Math,3,4.Measurement,4.Measurement.6,Math_G3,0.34649159335298324,0.61
Opportunity 2,Medium,A51704,Natural Science,5,2.Physics,2.Physics.4,Natural Science_G5,0.2134872848907223,0.56
Opportunity 2,Hard,A35335,Natural Science,5,1.Biology,1.Biology.3,Natural Science_G5,0.5262747128064373,0.29
Opportunity 1,Hard,A52806,Natural Science,5,2.Physics,2.Physics.5,Natural Science_G5,1.3350845549499,0.03
Opportunity 1,Hard,A69206,Natural Science,5,2.Physics,2.Physics.1,Natural Science_G5,1.5890006381192872,0.12
Opportunity 3,Hard,A60277,Math,3,3.Geometry,3.Geometry.3,Math_G3,1.7980333719989636,0.47
Opportunity 3,Hard,A30373,Language Arts,4,2.Reading,2.Reading.3,Language Arts_G4,1.6600206603183785,0.21
Opportunity 3,Hard,A28157,Math,3,1.Probability,1.Probability.4,Math_G3,2.782809491665858,0.34
Opportunity 1,Hard,A75687,Language Arts,4,4.Writing,4.Writing.1,Language Arts_G4,0.6429269773484563,0.13
Opportunity 3,Hard,A24321,Math,3,1.Probability,1.Probability.5,Math_G3,0.046321163323503445,0.35
Opportunity 1,Hard,A93118,Language Arts,4,3.Grammar,3.Grammar.5,Language Arts_G4,-0.7509485818570163,0.06
Opportunity 2,Hard,A68564,Natural Science,5,1.Biology,1.Biology.5,Natural Science_G5,0.2315461349826321,0.11
Opportunity 3,Hard,A72392,Math,3,3.Geometry,3.Geometry.5,Math_G3,1.9291450404029022,0.4
Opportunity 1,Hard,A28353,Math,3,4.Measurement,4.Measurement.3,Math_G3,0.4516911685261314,0.06
Opportunity 2,Hard,A60750,Natural Science,5,2.Physics,2.Physics.5,Natural Science_G5,-0.24649464166396928,0.19
Opportunity 2,Hard,A78959,Language Arts,4,1.Vocabulary,1.Vocabulary.3,Language Arts_G4,0.6477103086281009,0.18
Opportunity 3,Hard,A82312,Natural Science,5,3.Earth Science,3.Earth Science.3,Natural Science_G5,1.3056854319836582,0.24
Opportunity 2,Hard,A17073,Natural Science,5,2.Physics,2.Physics.5,Natural Science_G5,0.781394162189282,0.16
Opportunity 3,Hard,A32940,Math,3,1.Probability,1.Probability.5,Math_G3,0.6208102361336418,0.45
Opportunity 1,Hard,A24646,Math,3,1.Probability,1.Probability.5,Math_G3,0.16264219252199386,0.0
Opportunity 2,Hard,A89317,Language Arts,4,1.Vocabulary,1.Vocabulary.4,Language Arts_G4,0.9809087995363064,0.37
Opportunity 3,Hard,A27050,Math,3,1.Probability,1.Probability.3,Math_G3,-0.5789583989297198,0.45
Opportunity 3,Hard,A75962,Language Arts,4,2.Reading,2.Reading.1,Language Arts_G4,-0.1981258687837859,0.23
Opportunity 2,Hard,A23951,Language Arts,4,3.Grammar,3.Grammar.3,Language Arts_G4,-0.20531212166151414,0.11
Opportunity 3,Hard,A14172,Natural Science,5,1.Biology,1.Biology.5,Natural Science_G5,1.3917717362275945,0.48
Opportunity 3,Hard,A62318,Math,3,4.Measurement,4.Measurement.3,Math_G3,-1.4049245223626616,0.48
Opportunity 1,Hard,A99137,Natural Science,5,4.Chemistry,4.Chemistry.4,Natural Science_G5,0.3151605211332905,0.35
Opportunity 2,Hard,A71071,Language Arts,4,1.Vocabulary,1.Vocabulary.6,Language Arts_G4,2.4320882407836493,0.21
Opportunity 1,Hard,A51362,Natural Science,5,3.Earth Science,3.Earth Science.1,Natural Science_G5,-0.024838603972013762,0.12
Opportunity 2,Hard,A21274,Natural Science,5,4.Chemistry,4.Chemistry.1,Natural Science_G5,-0.7335850557008776,0.2
Opportunity 1,Hard,A90467,Math,3,2.Algebra,2.Algebra.3,Math_G3,1.000237666692951,0.31
Opportunity 2,Hard,A80399,Language Arts,4,3.Grammar,3.Grammar.5,Language Arts_G4,1.4163949221359458,0.11
Opportunity 2,Hard,A60808,Math,3,2.Algebra,2.Algebra.5,Math_G3,2.4811621901349836,0.37
Opportunity 1,Hard,A26836,Math,3,2.Algebra,2.Algebra.3,Math_G3,-1.5626807534847076,0.28
Opportunity 3,Hard,A22912,Math,3,1.Probability,1.Probability.5,Math_G3,0.9136910066308193,0.06
Opportunity 2,Hard,A74849,Language Arts,4,1.Vocabulary,1.Vocabulary.3,Language Arts_G4,1.619535591243109,0.09
Opportunity 3,Hard,A50593,Language Arts,4,3.Grammar,3.Grammar.6,Language Arts_G4,0.6256850689617466,0.27
Opportunity 3,Hard,A33234,Language Arts,4,2.Reading,2.Reading.5,Language Arts_G4,0.3710386167516258,0.23
Opportunity 3,Hard,A38367,Language Arts,4,4.Writing,4.Writing.2,Language Arts_G4,0.3582024291949045,0.3
Opportunity 1,Hard,A49344,Math,3,2.Algebra,2.Algebra.2,Math_G3,0.022630193461001258,0.28
Opportunity 3,Hard,A57864,Natural Science,5,4.Chemistry,4.Chemistry.1,Natural Science_G5,-1.0210919317111862,0.46
Opportunity 2,Hard,A48205,Natural Science,5,2.Physics,2.Physics.6,Natural Science_G5,1.8731146085133306,0.24
Opportunity 1,Hard,A25645,Math,3,1.Probability,1.Probability.1,Math_G3,-0.8802851069145923,0.26
Opportunity 3,Hard,A93526,Natural Science,5,4.Chemistry,4.Chemistry.2,Natural Science_G5,-1.512749213320533,0.14
Opportunity 3,Hard,A86494,Math,3,2.Algebra,2.Algebra.1,Math_G3,2.1738657934367698,0.46
Opportunity 3,Hard,A94421,Language Arts,4,1.Vocabulary,1.Vocabulary.1,Language Arts_G4,-1.2868027294672697,0.48
Opportunity 1,Hard,A53899,Language Arts,4,4.Writing,4.Writing.5,Language Arts_G4,-1.0684073135267862,0.31
Opportunity 2,Hard,A61998,Math,3,2.Algebra,2.Algebra.5,Math_G3,0.596221946621238,0.46
Opportunity 2,Hard,A86227,Natural Science,5,1.Biology,1.Biology.1,Natural Science_G5,1.9349584686677912,0.31
Opportunity 3,Hard,A32050,Natural Science,5,1.Biology,1.Biology.6,Natural Science_G5,-0.6542995245760828,0.04
Opportunity 2,Hard,A98141,Language Arts,4,1.Vocabulary,1.Vocabulary.1,Language Arts_G4,0.6113471720171426,0.37
Opportunity 1,Hard,A95331,Math,3,1.Probability,1.Probability.1,Math_G3,1.5875235362657036,0.08
Opportunity 2,Hard,A34655,Math,3,4.Measurement,4.Measurement.4,Math_G3,0.42121386121413595,0.09
Opportunity 2,Hard,A73774,Language Arts,4,2.Reading,2.Reading.2,Language Arts_G4,1.0267881788735167,0.46
Opportunity 2,Hard,A39524,Natural Science,5,1.Biology,1.Biology.2,Natural Science_G5,1.56476843261843,0.45
Opportunity 3,Hard,A69476,Language Arts,4,3.Grammar,3.Grammar.4,Language Arts_G4,-1.223176687798637,0.13
Opportunity 3,Hard,A69246,Natural Science,5,4.Chemistry,4.Chemistry.4,Natural Science_G5,0.7950477448608534,0.33
Opportunity 2,Hard,A65398,Math,3,1.Probability,1.Probability.2,Math_G3,-0.46459377156557236,0.45
Opportunity 3,Hard,A66178,Natural Science,5,4.Chemistry,4.Chemistry.5,Natural Science_G5,1.6868638686493058,0.19
Opportunity 2,Hard,A92695,Natural Science,5,3.Earth Science,3.Earth Science.6,Natural Science_G5,1.1408300266901563,0.02
Opportunity 2,Hard,A12457,Math,3,3.Geometry,3.Geometry.3,Math_G3,2.168161497819169,0.44
Opportunity 3,Hard,A32505,Math,3,2.Algebra,2.Algebra.2,Math_G3,0.6726743368357502,0.15
Opportunity 2,Hard,A89445,Language Arts,4,3.Grammar,3.Grammar.5,Language Arts_G4,0.1441830951465244,0.29
Opportunity 3,Hard,A34692,Natural Science,5,3.Earth Science,3.Earth Science.6,Natural Science_G5,0.3239993535064463,0.26
Opportunity 1,Hard,A51519,Math,3,3.Geometry,3.Geometry.5,Math_G3,2.699871207194735,0.4
Opportunity 2,Hard,A56517,Math,3,4.Measurement,4.Measurement.1,Math_G3,1.2090972092557322,0.41
Opportunity 1,Hard,A37527,Natural Science,5,4.Chemistry,4.Chemistry.5,Natural Science_G5,1.9085006529650976,0.07
Opportunity 3,Hard,A21033,Language Arts,4,1.Vocabulary,1.Vocabulary.2,Language Arts_G4,0.6037612967194389,0.37
Opportunity 3,Hard,A74259,Natural Science,5,1.Biology,1.Biology.4,Natural Science_G5,0.5667223990657315,0.28
Opportunity 2,Hard,A46654,Language Arts,4,1.Vocabulary,1.Vocabulary.5,Language Arts_G4,1.2268654544312172,0.03
Opportunity 2,Hard,A19037,Math,3,4.Measurement,4.Measurement.2,Math_G3,1.7921235912145392,0.45
Opportunity 2,Hard,A48676,Math,3,1.Probability,1.Probability.3,Math_G3,-0.9882947103498869,0.21
Opportunity 3,Hard,A99299,Language Arts,4,1.Vocabulary,1.Vocabulary.3,Language Arts_G4,0.6700834453189393,0.38
Opportunity 2,Hard,A79982,Natural Science,5,2.Physics,2.Physics.5,Natural Science_G5,0.4657647297361167,0.28
Opportunity 1,Hard,A73811,Natural Science,5,1.Biology,1.Biology.4,Natural Science_G5,1.888465718312978,0.48
Opportunity 3,Hard,A28573,Language Arts,4,1.Vocabulary,1.Vocabulary.4,Language Arts_G4,-0.5922576512593951,0.24
Opportunity 2,Hard,A28668,Natural Science,5,1.Biology,1.Biology.5,Natural Science_G5,1.06913883009172,0.08
Opportunity 1,Hard,A48467,Language Arts,4,1.Vocabulary,1.Vocabulary.1,Language Arts_G4,3.566517691448186,0.34
Opportunity 2,Hard,A23882,Language Arts,4,2.Reading,2.Reading.4,Language Arts_G4,-1.272882356906562,0.25
Opportunity 1,Hard,A50117,Natural Science,5,3.Earth Science,3.Earth Science.5,Natural Science_G5,0.48017154054132904,0.26
Opportunity 3,Hard,A14738,Math,3,3.Geometry,3.Geometry.3,Math_G3,0.13064298170181887,0.26
Opportunity 2,Hard,A31937,Natural Science,5,1.Biology,1.Biology.4,Natural Science_G5,1.6689088071814666,0.23
Opportunity 1,Hard,A50608,Math,3,4.Measurement,4.Measurement.1,Math_G3,0.8333163915670312,0.12
Opportunity 2,Hard,A90459,Math,3,4.Measurement,4.Measurement.5,Math_G3,2.0314862043076856,0.0
Opportunity 3,Hard,A13021,Language Arts,4,4.Writing,4.Writing.1,Language Arts_G4,0.6650249812394409,0.2
Opportunity 3,Hard,A73480,Language Arts,4,2.Reading,2.Reading.2,Language Arts_G4,0.7625472786042718,0.16
Opportunity 2,Hard,A69003,Language Arts,4,4.Writing,4.Writing.4,Language Arts_G4,0.0982945428036397,0.22
Opportunity 1,Hard,A26797,Natural Science,5,1.Biology,1.Biology.6,Natural Science_G5,3.5010034127596716,0.32
Opportunity 3,Hard,A78451,Language Arts,4,4.Writing,4.Writing.1,Language Arts_G4,1.6091886832713216,0.12
Opportunity 3,Hard,A91698,Language Arts,4,4.Writing,4.Writing.6,Language Arts_G4,-1.11358855003063,0.39
Opportunity 2,Hard,A63951,Natural Science,5,4.Chemistry,4.Chemistry.6,Natural Science_G5,0.08318622923159791,0.2
Opportunity 2,Hard,A33901,Natural Science,5,2.Physics,2.Physics.3,Natural Science_G5,0.8399466614292916,0.12
Opportunity 3,Hard,A79988,Natural Science,5,2.Physics,2.Physics.6,Natural Science_G5,0.5527466052372304,0.26
Opportunity 2,Hard,A74423,Natural Science,5,3.Earth Science,3.Earth Science.3,Natural Science_G5,0.21020231499168807,0.41
Opportunity 1,Hard,A56539,Natural Science,5,3.Earth Science,3.Earth Science.2,Natural Science_G5,-0.28677706943518033,0.39
Opportunity 1,Hard,A61335,Math,3,3.Geometry,3.Geometry.2,Math_G3,0.8689172842275762,0.31
Opportunity 1,Hard,A59714,Natural Science,5,3.Earth Science,3.Earth Science.3,Natural Science_G5,0.6906756716069071,0.06
Opportunity 3,Hard,A49267,Language Arts,4,2.Reading,2.Reading.2,Language Arts_G4,1.6339285345697543,0.17
Opportunity 3,Hard,A47403,Math,3,3.Geometry,3.Geometry.3,Math_G3,0.3143868929721399,0.35
Opportunity 3,Hard,A22213,Language Arts,4,2.Reading,2.Reading.4,Language Arts_G4,2.122748361887139,0.27
Opportunity 1,Hard,A61433,Math,3,4.Measurement,4.Measurement.1,Math_G3,0.5811772643194291,0.32
Opportunity 2,Hard,A49665,Natural Science,5,1.Biology,1.Biology.3,Natural Science_G5,1.593593868793846,0.42
Opportunity 1,Hard,A88186,Language Arts,4,4.Writing,4.Writing.1,Language Arts_G4,1.2819581561930815,0.45
Opportunity 3,Hard,A93658,Natural Science,5,4.Chemistry,4.Chemistry.1,Natural Science_G5,0.8501035776268399,0.22
Opportunity 2,Hard,A85605,Natural Science,5,2.Physics,2.Physics.3,Natural Science_G5,0.977776146727547,0.0
Opportunity 2,Hard,A20459,Natural Science,5,3.Earth Science,3.Earth Science.2,Natural Science_G5,2.5541926950131586,0.38
Opportunity 3,Hard,A81728,Language Arts,4,1.Vocabulary,1.Vocabulary.3,Language Arts_G4,1.4184402625634465,0.03
Opportunity 1,Hard,A23998,Language Arts,4,2.Reading,2.Reading.2,Language Arts_G4,-0.046117940307166316,0.43
Opportunity 2,Hard,A54435,Language Arts,4,2.Reading,2.Reading.2,Language Arts_G4,1.4785758854517885,0.41
Opportunity 3,Hard,A76756,Natural Science,5,4.Chemistry,4.Chemistry.6,Natural Science_G5,1.8877521207481545,0.12
Opportunity 2,Hard,A36868,Language Arts,4,1.Vocabulary,1.Vocabulary.3,Language Arts_G4,0.7497738154468894,0.31
Opportunity 1,Hard,A93280,Language Arts,4,4.Writing,4.Writing.5,Language Arts_G4,0.6444106986625666,0.03
Opportunity 3,Hard,A52215,Math,3,4.Measurement,4.Measurement.3,Math_G3,1.3738232825014616,0.14
Opportunity 3,Hard,A26824,Math,3,1.Probability,1.Probability.5,Math_G3,-0.3106973024868718,0.46
Opportunity 1,Hard,A33981,Language Arts,4,4.Writing,4.Writing.4,Language Arts_G4,1.8924446540800826,0.22
Opportunity 1,Hard,A69753,Language Arts,4,4.Writing,4.Writing.4,Language Arts_G4,0.3118424472548932,0.25
Opportunity 3,Hard,A10668,Math,3,2.Algebra,2.Algebra.5,Math_G3,0.5123628819117041,0.19
Opportunity 2,Hard,A17555,Natural Science,5,3.Earth Science,3.Earth Science.6,Natural Science_G5,0.6426679547363053,0.27
Opportunity 2,Hard,A72058,Language Arts,4,3.Grammar,3.Grammar.6,Language Arts_G4,0.028496351250730467,0.45
Opportunity 3,Hard,A95683,Math,3,2.Algebra,2.Algebra.2,Math_G3,1.5301913913009986,0.49
Opportunity 3,Hard,A79164,Natural Science,5,3.Earth Science,3.Earth Science.2,Natural Science_G5,2.3670924378529206,0.47
Opportunity 3,Hard,A50467,Language Arts,4,2.Reading,2.Reading.4,Language Arts_G4,2.265569365637324,0.1
Opportunity 3,Hard,A20890,Language Arts,4,2.Reading,2.Reading.2,Language Arts_G4,1.4426313864469829,0.36
Opportunity 3,Hard,A83573,Language Arts,4,1.Vocabulary,1.Vocabulary.4,Language Arts_G4,0.4019991373271655,0.12
Opportunity 1,Hard,A13015,Language Arts,4,4.Writing,4.Writing.4,Language Arts_G4,-0.5693841201118599,0.36
Opportunity 2,Hard,A59304,Natural Science,5,3.Earth Science,3.Earth Science.5,Natural Science_G5,-0.18226895370734375,0.21
Opportunity 2,Hard,A33702,Language Arts,4,3.Grammar,3.Grammar.4,Language Arts_G4,0.3798930947264346,0.08
Opportunity 3,Hard,A78172,Math,3,4.Measurement,4.Measurement.5,Math_G3,0.4164435608069624,0.44
Opportunity 1,Hard,A22070,Natural Science,5,3.Earth Science,3.Earth Science.1,Natural Science_G5,2.271321454324466,0.42
Opportunity 3,Hard,A74736,Natural Science,5,3.Earth Science,3.Earth Science.1,Natural Science_G5,1.020993397299144,0.45
Opportunity 1,Hard,A92563,Natural Science,5,2.Physics,2.Physics.1,Natural Science_G5,3.349259233438647,0.05
Opportunity 3,Hard,A61426,Natural Science,5,2.Physics,2.Physics.5,Natural Science_G5,3.1902928195894003,0.45
Opportunity 1,Hard,A54705,Natural Science,5,2.Physics,2.Physics.2,Natural Science_G5,0.15192792118420106,0.24
Opportunity 3,Hard,A35748,Natural Science,5,2.Physics,2.Physics.1,Natural Science_G5,5.2210145180249,0.35
Opportunity 1,Hard,A89119,Natural Science,5,1.Biology,1.Biology.2,Natural Science_G5,-1.1799702590508545,0.19
Opportunity 2,Hard,A65549,Natural Science,5,1.Biology,1.Biology.4,Natural Science_G5,0.030964428847417347,0.02
Opportunity 2,Hard,A58225,Language Arts,4,2.Reading,2.Reading.4,Language Arts_G4,1.406527139030632,0.28
Opportunity 2,Hard,A75893,Math,3,4.Measurement,4.Measurement.6,Math_G3,2.027598972567942,0.39
Opportunity 3,Hard,A99297,Language Arts,4,1.Vocabulary,1.Vocabulary.2,Language Arts_G4,0.00265302155940339,0.21
Opportunity 3,Hard,A15478,Natural Science,5,4.Chemistry,4.Chemistry.2,Natural Science_G5,2.806578315163489,0.1
Opportunity 2,Hard,A65916,Language Arts,4,2.Reading,2.Reading.3,Language Arts_G4,0.08202594138590658,0.21
Opportunity 1,Hard,A46516,Math,3,3.Geometry,3.Geometry.6,Math_G3,-0.9610345971754528,0.49
Opportunity 3,Hard,A33671,Math,3,3.Geometry,3.Geometry.5,Math_G3,-0.7603382613979655,0.27
Opportunity 1,Hard,A85302,Language Arts,4,1.Vocabulary,1.Vocabulary.6,Language Arts_G4,0.5008896109146477,0.19
Opportunity 2,Hard,A15653,Language Arts,4,1.Vocabulary,1.Vocabulary.3,Language Arts_G4,0.8300167173383232,0.44
Opportunity 3,Hard,A95019,Math,3,1.Probability,1.Probability.2,Math_G3,0.769525402231882,0.2
Opportunity 3,Hard,A71172,Language Arts,4,4.Writing,4.Writing.2,Language Arts_G4,2.148395317648899,0.31
Opportunity 2,Hard,A60547,Natural Science,5,1.Biology,1.Biology.6,Natural Science_G5,2.556824012321428,0.2
Opportunity 1,Hard,A11232,Language Arts,4,4.Writing,4.Writing.6,Language Arts_G4,0.31433324337940094,0.07
Opportunity 1,Hard,A88590,Natural Science,5,1.Biology,1.Biology.5,Natural Science_G5,1.6909176629690785,0.01
Opportunity 1,Hard,A24057,Math,3,2.Algebra,2.Algebra.4,Math_G3,0.9336980254682163,0.12
Opportunity 3,Hard,A27646,Natural Science,5,4.Chemistry,4.Chemistry.4,Natural Science_G5,1.1603788572661722,0.46
Opportunity 3,Hard,A39110,Math,3,3.Geometry,3.Geometry.2,Math_G3,-0.23130279470129045,0.32
Opportunity 3,Hard,A25433,Math,3,4.Measurement,4.Measurement.6,Math_G3,0.6322429502213445,0.08
Opportunity 3,Hard,A84856,Natural Science,5,1.Biology,1.Biology.1,Natural Science_G5,-0.3894270729083973,0.44
Opportunity 1,Hard,A31176,Language Arts,4,1.Vocabulary,1.Vocabulary.3,Language Arts_G4,0.46601178382273145,0.36
Opportunity 2,Hard,A97538,Natural Science,5,2.Physics,2.Physics.2,Natural Science_G5,0.3204949557289373,0.35
Opportunity 1,Hard,A23221,Language Arts,4,3.Grammar,3.Grammar.5,Language Arts_G4,0.6421658976865352,0.35
Opportunity 3,Hard,A54143,Language Arts,4,4.Writing,4.Writing.6,Language Arts_G4,1.489900485137635,0.29
Opportunity 3,Hard,A50236,Math,3,4.Measurement,4.Measurement.6,Math_G3,1.417368785527994,0.33
Opportunity 2,Hard,A47113,Natural Science,5,1.Biology,1.Biology.2,Natural Science_G5,0.3499413193025078,0.44
Opportunity 3,Hard,A44553,Math,3,4.Measurement,4.Measurement.1,Math_G3,0.32126051983708853,0.25
Opportunity 1,Hard,A95974,Math,3,2.Algebra,2.Algebra.5,Math_G3,-0.2566412329951453,0.47
Opportunity 3,Hard,A70345,Natural Science,5,4.Chemistry,4.Chemistry.6,Natural Science_G5,0.41833822668511617,0.44
Opportunity 2,Hard,A12355,Language Arts,4,2.Reading,2.Reading.2,Language Arts_G4,1.9275967698074494,0.46
Opportunity 2,Hard,A25666,Natural Science,5,4.Chemistry,4.Chemistry.5,Natural Science_G5,0.39769961062668313,0.48
Opportunity 2,Hard,A35546,Language Arts,4,1.Vocabulary,1.Vocabulary.6,Language Arts_G4,0.9885270212169702,0.03
Opportunity 1,Hard,A80251,Math,3,4.Measurement,4.Measurement.4,Math_G3,-0.1337409577027664,0.4
Opportunity 2,Hard,A82222,Natural Science,5,3.Earth Science,3.Earth Science.2,Natural Science_G5,1.1219706523659254,0.41
Opportunity 1,Hard,A68613,Math,3,3.Geometry,3.Geometry.5,Math_G3,1.6162514645495651,0.05
Opportunity 1,Hard,A87882,Natural Science,5,3.Earth Science,3.Earth Science.1,Natural Science_G5,-1.106096326047929,0.41
Opportunity 2,Hard,A50980,Language Arts,4,3.Grammar,3.Grammar.3,Language Arts_G4,0.8167922613348949,0.23
Opportunity 2,Hard,A70015,Natural Science,5,2.Physics,2.Physics.1,Natural Science_G5,0.8443394984994772,0.5
Opportunity 3,Hard,A59176,Math,3,4.Measurement,4.Measurement.5,Math_G3,-0.25396544761833084,0.01
Opportunity 2,Hard,A57669,Language Arts,4,3.Grammar,3.Grammar.3,Language Arts_G4,-0.3437903310226045,0.08
Opportunity 3,Hard,A14555,Language Arts,4,3.Grammar,3.Grammar.1,Language Arts_G4,0.5427492831591305,0.35
Opportunity 1,Hard,A59915,Natural Science,5,1.Biology,1.Biology.6,Natural Science_G5,0.5734291329976122,0.41
Opportunity 1,Hard,A97008,Natural Science,5,2.Physics,2.Physics.2,Natural Science_G5,2.130137354067453,0.48
Opportunity 2,Hard,A96427,Natural Science,5,3.Earth Science,3.Earth Science.4,Natural Science_G5,2.1161378446724983,0.19
Opportunity 2,Hard,A45831,Language Arts,4,2.Reading,2.Reading.2,Language Arts_G4,-0.08235168206068844,0.34
Opportunity 2,Hard,A19785,Natural Science,5,1.Biology,1.Biology.4,Natural Science_G5,-0.21646167030668195,0.32
Opportunity 3,Hard,A52240,Math,3,1.Probability,1.Probability.3,Math_G3,-0.7223960778019873,0.48
Opportunity 3,Hard,A58970,Natural Science,5,2.Physics,2.Physics.4,Natural Science_G5,-0.04179123007328944,0.24
Opportunity 2,Hard,A10988,Language Arts,4,2.Reading,2.Reading.1,Language Arts_G4,1.4616803363084667,0.24
Opportunity 2,Hard,A81209,Language Arts,4,4.Writing,4.Writing.1,Language Arts_G4,-0.04886811275393699,0.28
Opportunity 1,Hard,A42586,Language Arts,4,4.Writing,4.Writing.6,Language Arts_G4,-0.21184598459355586,0.07
Opportunity 2,Hard,A89103,Math,3,3.Geometry,3.Geometry.6,Math_G3,1.6178748027729632,0.37
Opportunity 1,Hard,A31188,Natural Science,5,2.Physics,2.Physics.6,Natural Science_G5,0.6000290350679844,0.27
Opportunity 1,Hard,A61325,Natural Science,5,2.Physics,2.Physics.3,Natural Science_G5,-1.7928319892710285,0.18
Opportunity 2,Hard,A74984,Math,3,1.Probability,1.Probability.3,Math_G3,1.2221422157759259,0.31
Opportunity 2,Hard,A71498,Math,3,1.Probability,1.Probability.2,Math_G3,2.8980320047384875,0.35
Opportunity 3,Hard,A14950,Math,3,2.Algebra,2.Algebra.4,Math_G3,-0.4409086117392158,0.25
Opportunity 2,Hard,A76095,Math,3,3.Geometry,3.Geometry.6,Math_G3,0.8290670319486616,0.29
Opportunity 2,Hard,A98387,Math,3,2.Algebra,2.Algebra.6,Math_G3,1.471480820517638,0.08
Opportunity 1,Hard,A33231,Natural Science,5,1.Biology,1.Biology.2,Natural Science_G5,0.022718281935126816,0.12
Opportunity 2,Hard,A66963,Language Arts,4,2.Reading,2.Reading.4,Language Arts_G4,0.8353824467523515,0.32
Opportunity 3,Hard,A66575,Natural Science,5,4.Chemistry,4.Chemistry.4,Natural Science_G5,2.384671608178694,0.46
Opportunity 1,Hard,A68223,Math,3,4.Measurement,4.Measurement.2,Math_G3,2.3343998089474254,0.25
Opportunity 1,Hard,A43460,Natural Science,5,1.Biology,1.Biology.3,Natural Science_G5,0.9675779013358663,0.26
Opportunity 3,Hard,A97037,Natural Science,5,1.Biology,1.Biology.1,Natural Science_G5,2.536166513509548,0.32
Opportunity 2,Hard,A18220,Math,3,1.Probability,1.Probability.3,Math_G3,-0.8319287276916594,0.46
Opportunity 1,Hard,A61782,Language Arts,4,4.Writing,4.Writing.4,Language Arts_G4,-0.0024247477593548616,0.31
Opportunity 2,Hard,A65376,Natural Science,5,3.Earth Science,3.Earth Science.1,Natural Science_G5,-0.026169109944371494,0.34
Opportunity 1,Hard,A61265,Math,3,1.Probability,1.Probability.1,Math_G3,0.6346602560819928,0.32
Opportunity 2,Hard,A19678,Language Arts,4,2.Reading,2.Reading.5,Language Arts_G4,0.34218721947309316,0.25
Opportunity 1,Hard,A98378,Math,3,2.Algebra,2.Algebra.6,Math_G3,0.8445074343703906,0.43
Opportunity 1,Hard,A30723,Language Arts,4,1.Vocabulary,1.Vocabulary.3,Language Arts_G4,0.6009935248600828,0.08
Opportunity 1,Hard,A85113,Language Arts,4,2.Reading,2.Reading.2,Language Arts_G4,0.09553856232238322,0.48
Opportunity 2,Hard,A37122,Natural Science,5,4.Chemistry,4.Chemistry.4,Natural Science_G5,0.2121995234296623,0.03
Opportunity 2,Hard,A10497,Natural Science,5,3.Earth Science,3.Earth Science.4,Natural Science_G5,0.42598812693917737,0.04
Opportunity 3,Hard,A19558,Math,3,3.Geometry,3.Geometry.2,Math_G3,1.9726022598876427,0.39
Opportunity 2,Hard,A92001,Natural Science,5,2.Physics,2.Physics.6,Natural Science_G5,-0.9786198148695127,0.06
Opportunity 1,Hard,A43675,Natural Science,5,4.Chemistry,4.Chemistry.3,Natural Science_G5,1.0428324105657667,0.35
Opportunity 1,Hard,A68720,Natural Science,5,4.Chemistry,4.Chemistry.6,Natural Science_G5,0.21707297032566375,0.04
Opportunity 3,Hard,A77211,Natural Science,5,2.Physics,2.Physics.1,Natural Science_G5,0.6668138255653571,0.25
Opportunity 3,Hard,A59515,Language Arts,4,4.Writing,4.Writing.4,Language Arts_G4,0.8573160146369628,0.21
Opportunity 2,Hard,A92897,Language Arts,4,4.Writing,4.Writing.1,Language Arts_G4,0.20987917579398185,0.43
Opportunity 3,Hard,A61029,Language Arts,4,2.Reading,2.Reading.1,Language Arts_G4,-0.2270635795054854,0.03
Opportunity 1,Hard,A45399,Math,3,3.Geometry,3.Geometry.1,Math_G3,1.9143547368303537,0.32
Opportunity 1,Hard,A22626,Math,3,1.Probability,1.Probability.5,Math_G3,0.09000719750835129,0.23
Opportunity 3,Hard,A57318,Natural Science,5,1.Biology,1.Biology.6,Natural Science_G5,0.5403044274924285,0.48
Opportunity 2,Hard,A66858,Math,3,2.Algebra,2.Algebra.5,Math_G3,0.6283506924404236,0.09
Opportunity 1,Hard,A17554,Natural Science,5,3.Earth Science,3.Earth Science.2,Natural Science_G5,1.120231613837259,0.47
Opportunity 1,Hard,A48236,Math,3,1.Probability,1.Probability.5,Math_G3,-0.9964392748040463,0.31
Opportunity 2,Hard,A21128,Math,3,4.Measurement,4.Measurement.6,Math_G3,1.2925185294145494,0.31
Opportunity 2,Hard,A82034,Math,3,3.Geometry,3.Geometry.4,Math_G3,1.2579661331822993,0.44
Opportunity 3,Hard,A69765,Math,3,2.Algebra,2.Algebra.1,Math_G3,-0.28352349248346176,0.04
Opportunity 3,Hard,A24717,Math,3,1.Probability,1.Probability.2,Math_G3,0.6833786108352919,0.48
Opportunity 3,Hard,A77539,Language Arts,4,1.Vocabulary,1.Vocabulary.3,Language Arts_G4,1.3540888994022735,0.09
Opportunity 1,Hard,A57363,Natural Science,5,3.Earth Science,3.Earth Science.6,Natural Science_G5,2.628785113489525,0.25
Opportunity 2,Hard,A71052,Math,3,3.Geometry,3.Geometry.4,Math_G3,1.2149010672519363,0.32
Opportunity 3,Hard,A72279,Language Arts,4,2.Reading,2.Reading.2,Language Arts_G4,1.5918369174033784,0.08
Opportunity 3,Hard,A74338,Math,3,3.Geometry,3.Geometry.4,Math_G3,1.7670220603809033,0.39
Opportunity 3,Hard,A77282,Natural Science,5,1.Biology,1.Biology.6,Natural Science_G5,-0.4053594579719111,0.17
Opportunity 3,Hard,A80655,Language Arts,4,4.Writing,4.Writing.4,Language Arts_G4,0.11216322139956592,0.26
Opportunity 2,Hard,A43471,Math,3,2.Algebra,2.Algebra.1,Math_G3,-0.2370375996835714,0.37
Opportunity 2,Hard,A13986,Math,3,4.Measurement,4.Measurement.2,Math_G3,-0.5199395315726942,0.47
Opportunity 1,Hard,A66932,Natural Science,5,2.Physics,2.Physics.6,Natural Science_G5,1.7044417715094835,0.18
Opportunity 2,Hard,A22336,Language Arts,4,1.Vocabulary,1.Vocabulary.2,Language Arts_G4,1.9848379082595922,0.29
Opportunity 3,Hard,A30445,Math,3,1.Probability,1.Probability.1,Math_G3,1.984354538328417,0.07
Opportunity 1,Hard,A69551,Language Arts,4,2.Reading,2.Reading.3,Language Arts_G4,0.6661838084947597,0.24
Opportunity 2,Hard,A65115,Language Arts,4,1.Vocabulary,1.Vocabulary.6,Language Arts_G4,-0.02322262656353491,0.22
Opportunity 3,Hard,A27530,Language Arts,4,3.Grammar,3.Grammar.5,Language Arts_G4,1.5033811704992455,0.0
Opportunity 2,Hard,A29965,Math,3,4.Measurement,4.Measurement.6,Math_G3,0.6245563060490713,0.36
Opportunity 2,Hard,A59772,Natural Science,5,4.Chemistry,4.Chemistry.1,Natural Science_G5,0.9953227241425331,0.34
Opportunity 3,Hard,A87895,Language Arts,4,3.Grammar,3.Grammar.6,Language Arts_G4,0.6645744886548721,0.4
Opportunity 2,Hard,A52493,Language Arts,4,4.Writing,4.Writing.1,Language Arts_G4,1.8598490620603125,0.13
Opportunity 3,Hard,A36459,Language Arts,4,2.Reading,2.Reading.5,Language Arts_G4,1.3451542107322654,0.5
Opportunity 1,Hard,A14925,Language Arts,4,3.Grammar,3.Grammar.4,Language Arts_G4,2.3874383563571895,0.06
Opportunity 2,Hard,A39760,Language Arts,4,2.Reading,2.Reading.5,Language Arts_G4,1.0091240205533059,0.21
Opportunity 2,Hard,A37144,Math,3,4.Measurement,4.Measurement.6,Math_G3,1.0051732933877564,0.24
Opportunity 3,Hard,A55410,Natural Science,5,1.Biology,1.Biology.1,Natural Science_G5,1.500674373147928,0.03
Opportunity 2,Hard,A18799,Natural Science,5,1.Biology,1.Biology.6,Natural Science_G5,0.5393383347632519,0.28
Opportunity 2,Hard,A25813,Math,3,1.Probability,1.Probability.5,Math_G3,2.6240991854290296,0.49
Opportunity 3,Hard,A50460,Natural Science,5,4.Chemistry,4.Chemistry.4,Natural Science_G5,1.1945796848079304,0.02
Opportunity 2,Hard,A79815,Math,3,3.Geometry,3.Geometry.2,Math_G3,2.2622312094869277,0.35
Opportunity 3,Hard,A42398,Language Arts,4,4.Writing,4.Writing.4,Language Arts_G4,-0.6867517190929009,0.07
Opportunity 1,Hard,A43531,Natural Science,5,1.Biology,1.Biology.2,Natural Science_G5,1.5861895700970705,0.1
Opportunity 1,Hard,A74236,Natural Science,5,4.Chemistry,4.Chemistry.1,Natural Science_G5,-0.6566697296685922,0.45
Opportunity 1,Hard,A30556,Language Arts,4,4.Writing,4.Writing.5,Language Arts_G4,0.9513237021832257,0.41
Opportunity 1,Hard,A30235,Language Arts,4,1.Vocabulary,1.Vocabulary.1,Language Arts_G4,2.0360784237387577,0.42
Opportunity 2,Hard,A80186,Math,3,3.Geometry,3.Geometry.6,Math_G3,0.06411490064855163,0.15
Opportunity 1,Hard,A80170,Language Arts,4,3.Grammar,3.Grammar.5,Language Arts_G4,0.9394061864052428,0.05
Opportunity 2,Hard,A32492,Natural Science,5,2.Physics,2.Physics.5,Natural Science_G5,2.0543420786422253,0.12
Opportunity 2,Hard,A49242,Language Arts,4,1.Vocabulary,1.Vocabulary.2,Language Arts_G4,0.9412953957540429,0.33
Opportunity 1,Hard,A65920,Math,3,1.Probability,1.Probability.2,Math_G3,1.772925908082129,0.49
Opportunity 1,Hard,A88698,Natural Science,5,2.Physics,2.Physics.6,Natural Science_G5,1.3833202873769475,0.13
Opportunity 3,Hard,A93671,Language Arts,4,4.Writing,4.Writing.6,Language Arts_G4,1.3078297063202378,0.18
Opportunity 3,Hard,A17121,Language Arts,4,1.Vocabulary,1.Vocabulary.6,Language Arts_G4,1.7507244039771588,0.31
Opportunity 1,Hard,A21659,Natural Science,5,2.Physics,2.Physics.4,Natural Science_G5,0.44962430725115105,0.42
Opportunity 1,Hard,A77022,Language Arts,4,3.Grammar,3.Grammar.5,Language Arts_G4,2.5188875714064993,0.14
Opportunity 1,Hard,A39776,Language Arts,4,4.Writing,4.Writing.1,Language Arts_G4,1.5852553023952738,0.24
Opportunity 2,Hard,A59406,Math,3,3.Geometry,3.Geometry.4,Math_G3,2.4951618566980036,0.07
Opportunity 3,Hard,A12308,Math,3,3.Geometry,3.Geometry.2,Math_G3,1.4239394512258916,0.02
Opportunity 2,Hard,A48482,Math,3,1.Probability,1.Probability.1,Math_G3,1.4941824575384461,0.05
Opportunity 3,Hard,A94119,Math,3,4.Measurement,4.Measurement.1,Math_G3,-0.10110090720946496,0.42
Opportunity 3,Hard,A91806,Natural Science,5,3.Earth Science,3.Earth Science.5,Natural Science_G5,1.2162252243604872,0.24
Opportunity 2,Hard,A45168,Language Arts,4,1.Vocabulary,1.Vocabulary.2,Language Arts_G4,0.011046840550014148,0.15
Opportunity 2,Hard,A50394,Natural Science,5,1.Biology,1.Biology.5,Natural Science_G5,0.8072212064770943,0.09
Opportunity 1,Hard,A85403,Math,3,3.Geometry,3.Geometry.2,Math_G3,1.6208581292519892,0.11
Opportunity 2,Hard,A39065,Natural Science,5,4.Chemistry,4.Chemistry.6,Natural Science_G5,0.329818763292317,0.47
Opportunity 1,Hard,A13205,Math,3,3.Geometry,3.Geometry.3,Math_G3,0.7844664648961804,0.08
Opportunity 1,Hard,A74952,Natural Science,5,2.Physics,2.Physics.6,Natural Science_G5,0.6247129081214379,0.49
Opportunity 1,Hard,A98384,Math,3,4.Measurement,4.Measurement.4,Math_G3,1.7357819646004538,0.0
Opportunity 2,Hard,A36621,Language Arts,4,4.Writing,4.Writing.3,Language Arts_G4,0.8789693958051755,0.31
Opportunity 3,Hard,A52563,Math,3,3.Geometry,3.Geometry.2,Math_G3,0.7656861462130263,0.06
Opportunity 2,Hard,A93719,Natural Science,5,4.Chemistry,4.Chemistry.3,Natural Science_G5,0.8243481530862998,0.47
Opportunity 2,Hard,A62721,Natural Science,5,4.Chemistry,4.Chemistry.2,Natural Science_G5,1.5360198018346294,0.21
Opportunity 2,Hard,A93823,Natural Science,5,1.Biology,1.Biology.5,Natural Science_G5,0.3049066767078336,0.11
Opportunity 3,Hard,A53251,Language Arts,4,1.Vocabulary,1.Vocabulary.2,Language Arts_G4,0.7216109360026369,0.25
Opportunity 1,Hard,A79299,Math,3,2.Algebra,2.Algebra.3,Math_G3,1.8513473570882648,0.21
Opportunity 1,Hard,A39366,Language Arts,4,3.Grammar,3.Grammar.3,Language Arts_G4,1.2266292936419068,0.35
Opportunity 2,Hard,A31312,Math,3,2.Algebra,2.Algebra.3,Math_G3,1.1097086800804203,0.46
Opportunity 2,Hard,A95070,Natural Science,5,4.Chemistry,4.Chemistry.5,Natural Science_G5,1.5785508610357963,0.27
Opportunity 3,Hard,A38137,Natural Science,5,2.Physics,2.Physics.6,Natural Science_G5,0.0992709060635083,0.09
Opportunity 3,Hard,A26208,Language Arts,4,3.Grammar,3.Grammar.3,Language Arts_G4,0.33201702995866983,0.01
Opportunity 2,Hard,A58744,Natural Science,5,1.Biology,1.Biology.1,Natural Science_G5,1.9578838528191784,0.13
Opportunity 3,Hard,A48515,Math,3,1.Probability,1.Probability.4,Math_G3,1.4620784833265692,0.49
Opportunity 2,Hard,A34049,Language Arts,4,4.Writing,4.Writing.3,Language Arts_G4,2.1409780290895433,0.34
Opportunity 2,Hard,A11120,Natural Science,5,4.Chemistry,4.Chemistry.3,Natural Science_G5,0.9006186936043927,0.16
Opportunity 3,Hard,A82338,Natural Science,5,1.Biology,1.Biology.3,Natural Science_G5,1.5859006725069578,0.17
Opportunity 2,Hard,A59889,Natural Science,5,4.Chemistry,4.Chemistry.1,Natural Science_G5,-0.05030614034851211,0.31
